,date,stock_fb,stock_return_fb,log_stock_return_fb,actual_stock_return_fb,stock_ndaq,stock_return_ndaq,log_stock_return_ndaq,actual_stock_return_ndaq,expected_return_fb,abnormal_return_fb
0,2017-02-21,133.72,,,,68.6514,,,,,
1,2017-02-22,136.12,0.017947950942267466,0.017788788080807222,1.4000000000000057,68.5263,-0.0018222498011692277,-0.0018239121180828504,-1.125099999999989,-0.3478851996374699,1.7478851996374756
2,2017-02-23,135.36,-0.005583308845136577,-0.005598953774791766,-1.759999999999991,68.7283,0.0029477733366604962,0.0029434371721019023,-0.7980000000000018,-0.24621680372550458,-1.5137831962744863
3,2017-02-24,135.44,0.0005910165484632393,0.0005908419669666447,-0.9200000000000159,68.7283,0.0,0.0,-1.0,-0.30900193357636857,-0.6109980664236474
4,2017-02-27,136.41,0.007161842882457168,0.007136318680148968,-0.030000000000001137,68.4398,-0.004197688579522541,-0.004206523607359695,-1.288499999999999,-0.39867277497228126,0.3686727749722801
5,2017-02-28,135.54,-0.006377831537277359,-0.00639825679706199,-1.8700000000000045,68.4013,-0.0005625381722331025,-0.000562696456193969,-1.038499999999999,-0.32096840634497364,-1.549031593655031
6,2017-03-01,137.42,0.013870444149328578,0.01377512989496287,0.8799999999999955,69.4305,0.015046497654284183,0.014934421941313534,0.02919999999998879,0.010891411188527905,0.8691085888114676
7,2017-03-02,136.76,-0.00480279435307813,-0.004814364831829389,-1.6599999999999966,68.5359,-0.012884827273316439,-0.012968556663679532,-1.894599999999997,-0.5870592462723252,-1.0729407537276714
8,2017-03-03,137.17,0.002997952617724456,0.0029934677192150058,-0.5900000000000034,68.382,-0.00224553846961947,-0.00224806347183003,-1.153899999999993,-0.35683674290333695,-0.23316325709666647
9,2017-03-06,137.42,0.001822555952467741,0.0018208971126143676,-0.75,68.6418,0.0037992454154601864,0.003792046510440272,-0.7402000000000015,-0.22825155369887096,-0.521748446301129
10,2017-03-07,137.3,-0.0008732353369231272,-0.0008736168290043112,-1.1199999999999761,68.2281,-0.006026939852975967,-0.006045175160624205,-1.4137000000000057,-0.437587122780839,-0.6824128772191371
11,2017-03-08,137.72,0.0030589949016750725,0.003054325696397532,-0.5800000000000125,68.0358,-0.002818486811152634,-0.002822466224145807,-1.192300000000003,-0.36877213392449454,-0.21122786607551797
12,2017-03-09,138.24,0.00377577693871631,0.0037686665854225784,-0.47999999999998977,68.3724,0.004947395341864199,0.004935197197680669,-0.6633999999999958,-0.20438077165656027,-0.2756192283434295
13,2017-03-10,138.79,0.003978587962962839,0.003970694312002776,-0.45000000000001705,68.257,-0.001687815551304239,-0.0016892415167088105,-1.115399999999994,-0.34487027013473187,-0.10512972986528518
14,2017-03-13,139.6,0.00583615534260395,0.0058191909605235775,-0.18999999999999773,68.0839,-0.00253600363332706,-0.0025392247375149173,-1.1731000000000051,-0.36280443841391796,0.17280443841392024
15,2017-03-14,139.32,-0.002005730659025796,-0.002007744830471632,-1.2800000000000011,68.0165,-0.0009899550407659718,-0.000990445369886535,-1.0674000000000063,-0.3299510313582927,-0.9500489686417084
16,2017-03-15,139.72,0.0028710881424060127,0.0028669744408309178,-0.5999999999999943,68.4321,0.006110282063911139,0.006091689987244173,-0.584399999999988,-0.17982619117032866,-0.42017380882966565
17,2017-03-16,139.99,0.0019324363011738494,0.0019305715481027386,-0.7299999999999898,68.7606,0.0048003787696123765,0.004788893691929631,-0.6715000000000089,-0.20689839320008913,-0.5231016067999006
18,2017-03-17,139.84,-0.0010715051075077197,-0.0010720795795085794,-1.1500000000000057,68.49,-0.00393539323391596,-0.003943157270253782,-1.2706000000000017,-0.39310914217856685,-0.7568908578214388
19,2017-03-20,139.94,0.0007151029748283346,0.0007148474105252082,-0.9000000000000057,68.3837,-0.0015520513943639992,-0.0015532570738084849,-1.1062999999999903,-0.3420418311166967,-0.557958168883309
20,2017-03-21,138.51,-0.010218665142203851,-0.01027123413074345,-2.430000000000007,67.3885,-0.014553175683679169,-0.014660111920929475,-1.9952000000000112,-0.6183274842079581,-1.8116725157920488
21,2017-03-22,139.59,0.007797270955165783,0.007767029337659596,0.0800000000000125,67.3498,-0.0005742819620557146,-0.0005744469251015296,-1.0386999999999915,-0.32103056983987316,0.40103056983988566
22,2017-03-23,139.53,-0.0004298302170642759,-0.00042992262055157097,-1.0600000000000023,67.3788,0.0004305877671499598,0.0004304950908399521,-0.9710000000000036,-0.299988226815602,-0.7600117731844003
23,2017-03-24,140.34,0.00580520318211139,0.005788417920027365,-0.18999999999999773,67.4948,0.0017216097644956524,0.0017201294931279473,-0.8840000000000003,-0.27294710653329796,0.08294710653330023
24,2017-03-27,140.32,-0.00014251104460602987,-0.00014252120026984454,-1.0200000000000102,66.6831,-0.012026111641193127,-0.012099010370148525,-1.8117000000000019,-0.5612924776355115,-0.45870752236449874
25,2017-03-28,141.76,0.010262257696693257,0.010209958232897946,0.4399999999999977,66.8087,0.0018835357084479533,0.0018817640793343737,-0.8743999999999943,-0.2699632587780075,0.7099632587780051
26,2017-03-29,142.65,0.006278216704289043,0.006258590802738211,-0.10999999999998522,66.3545,-0.006798515762168702,-0.006821730949492548,-1.4542000000000002,-0.4501752304984611,0.34017523049847587
27,2017-03-30,142.41,-0.0016824395373291909,-0.0016838564281726764,-1.240000000000009,67.0503,0.010486101168722412,0.010431503356973104,-0.3042000000000087,-0.09273513481284873,-1.1472648651871604
28,2017-03-31,142.05,-0.002527912365704552,-0.002531112931139362,-1.3599999999999852,67.1082,0.0008635308119427299,0.0008631581837129693,-0.9420999999999964,-0.291005601802283,-1.0689943981977021
29,2017-04-03,142.28,0.0016191481872579357,0.0016178387800573353,-0.7700000000000102,66.5865,-0.007774012713796461,-0.007804387877650251,-1.5216999999999956,-0.47115541002783273,-0.2988445899721775
30,2017-04-04,141.73,-0.003865617093056026,-0.0038731079014404837,-1.5500000000000114,66.3159,-0.004063886823905773,-0.00407216685231029,-1.2706000000000017,-0.39310914217856685,-1.1568908578214445
31,2017-04-05,141.85,0.0008466803076272105,0.0008463220760464065,-0.8799999999999955,66.7604,0.006702766606500175,0.006680402943067416,-0.555499999999995,-0.17084356615701407,-0.7091564338429814
32,2017-04-06,141.17,-0.0047937962636588425,-0.004805323358752138,-1.6800000000000068,66.799,0.0005781870689810487,0.0005780199832390128,-0.9613999999999976,-0.2970043790603115,-1.3829956209396954
33,2017-04-07,140.78,-0.0027626266203866715,-0.002766449716122565,-1.3899999999999864,66.886,0.0013024147068068247,0.0013015673004757324,-0.9130000000000109,-0.2819608132940689,-1.1080391867059174
34,2017-04-10,141.04,0.0018468532461996796,0.0018451499096292074,-0.7400000000000091,67.0213,0.002022844840474851,0.002020801644765187,-0.8646999999999991,-0.2669483292752694,-0.4730516707247397
35,2017-04-11,139.92,-0.007941009642654599,-0.007972707379268243,-2.1200000000000045,66.6734,-0.005190887076198099,-0.005204406536137916,-1.3478999999999957,-0.4171353329581285,-1.7028646670418761
36,2017-04-12,139.58,-0.00242995997712961,-0.002432917121340845,-1.339999999999975,66.3642,-0.004637531609307522,-0.004648318321085911,-1.3092000000000041,-0.4051066966946239,-0.934893303305351
37,2017-04-13,139.39,-0.0013612265367533038,-0.001362153847210745,-1.1900000000000261,65.8134,-0.008299655537172079,-0.0083342894443199,-1.5507999999999953,-0.4802001985360512,-0.7097998014639749
38,2017-04-17,141.42,0.014563455054164584,0.01445842643429983,1.0300000000000011,66.7507,0.014241780549249747,0.014141319102393022,-0.06270000000000664,-0.01767271471886895,1.04767271471887
39,2017-04-18,140.96,-0.0032527223872152425,-0.0032580239882251715,-1.4599999999999795,66.77,0.0002891355446459918,0.0002890937530197822,-0.9806999999999988,-0.30300315631834007,-1.1569968436816396
40,2017-04-19,142.27,0.0092934165720772,0.009250498475206337,0.3100000000000023,66.8377,0.0010139284109630387,0.001013414732744508,-0.9322999999999979,-0.287959590552093,0.5979595905520954
41,2017-04-20,143.8,0.01075419976101779,0.01069678462387078,0.5300000000000011,67.7557,0.013734763464332351,0.013641296459647966,-0.08199999999999363,-0.023671491976893055,0.5536714919768941
42,2017-04-21,143.68,-0.0008344923504868188,-0.0008348407330568807,-1.1200000000000045,67.5527,-0.0029960578962360796,-0.0030005550624546667,-1.203000000000003,-0.3720978809017433,-0.7479021190982613
43,2017-04-24,145.47,0.012458240534521102,0.012381275231481019,0.789999999999992,68.0745,0.007724339663699584,0.007694659692885157,-0.47820000000000107,-0.14681737537745243,0.9368173753774445
44,2017-04-25,146.49,0.00701175500103121,0.006987286956307968,0.020000000000010232,68.1518,0.0011355206428250509,0.0011348764268940257,-0.9227000000000061,-0.28497574279680693,0.30497574279681716
45,2017-04-26,146.56,0.0004778483172912361,0.00047773418414141333,-0.9300000000000068,67.1952,-0.01403631305409387,-0.014135753712960877,-1.9565999999999946,-0.6063299296918967,-0.3236700703081101
46,2017-04-27,147.7,0.00777838427947589,0.007748288611513857,0.13999999999998636,66.3545,-0.012511310331690333,-0.012590235772897812,-1.8406999999999982,-0.570306184396278,0.7103061843962644
47,2017-04-28,150.25,0.017264725795531562,0.01711738387798298,1.5500000000000114,66.5478,0.002913140781710262,0.0029089058098225287,-0.8067000000000064,-0.24892091575373632,1.7989209157537478
48,2017-05-01,152.46,0.014708818635607374,0.014601693144810902,1.210000000000008,66.1323,-0.006243632396562989,-0.006263205382866951,-1.4154999999999944,-0.43814659423495206,1.64814659423496
49,2017-05-02,152.78,0.0020989111898202357,0.0020967115530858395,-0.6800000000000068,66.055,-0.0011688690700307402,-0.001169552730273679,-1.077299999999994,-0.3330281243559302,-0.3469718756440766
50,2017-05-03,151.8,-0.006414452153423156,-0.006435113151684045,-1.9799999999999898,65.5235,-0.008046325032170286,-0.008078871408818217,-1.5315000000000083,-0.4742014212780271,-1.5057985787219628
51,2017-05-04,150.85,-0.006258234519104196,-0.006277899356459602,-1.950000000000017,65.6685,0.0022129465001105865,0.002210501540383419,-0.855000000000004,-0.2639333997725314,-1.6860666002274858
52,2017-05-05,150.24,-0.004043752071594201,-0.004051950145117265,-1.6099999999999852,65.6202,-0.0007355124603119847,-0.0007357830823070111,-1.0482999999999976,-0.32401441759516364,-1.2859855824048216
53,2017-05-08,151.06,0.0054579339723109235,0.005443093425349029,-0.18000000000000682,64.7698,-0.01295942407978021,-0.013044130038830358,-1.8503999999999934,-0.5733211138990161,0.39332111389900926
54,2017-05-09,150.48,-0.0038395339600159704,-0.003846923892527089,-1.5800000000000125,64.4993,-0.004176329091644538,-0.00418507431108791,-1.2704999999999984,-0.39307806043111493,-1.1869219395688977
55,2017-05-10,150.29,-0.0012626262626262476,-0.0012634240467720174,-1.1899999999999977,64.4993,0.0,0.0,-1.0,-0.30900193357636857,-0.8809980664236292
56,2017-05-11,150.04,-0.0016634506620533636,-0.001664835732316329,-1.25,64.9341,0.006741158431176704,0.006718538422485249,-0.5652000000000044,-0.17385849565975653,-1.0761415043402436
57,2017-05-12,150.33,0.0019328179152227438,0.001930952426056486,-0.7099999999999795,65.2723,0.005208357396190915,0.005194840815283331,-0.6617999999999995,-0.20388346369734667,-0.5061165363026329
58,2017-05-15,150.19,-0.0009312845074171142,-0.0009317184222536567,-1.1400000000000148,65.4849,0.0032571243850759786,0.003251831445507029,-0.7874000000000052,-0.24292213849570776,-0.897077861504307
59,2017-05-16,149.78,-0.0027298754910446543,-0.0027336083962683213,-1.4099999999999966,65.0984,-0.0059021240011055695,-0.005919610373407539,-1.386499999999998,-0.42913288747418554,-0.980867112525811
60,2017-05-17,144.85,-0.032914941914808434,-0.03346882660586172,-5.930000000000007,64.48,-0.009499465424649363,-0.009544873141152498,-1.618399999999994,-0.5012114598128748,-5.428788540187132
61,2017-05-18,147.66,0.019399378667587175,0.019213609415660162,1.8100000000000023,64.4896,0.0001488833746896997,0.0001488722926599669,-0.9904000000000082,-0.3060180858210825,2.116018085821085
62,2017-05-19,148.06,0.002708925910876376,0.002705263383932803,-0.5999999999999943,65.166,0.01048851287649483,0.010433890034921078,-0.323599999999999,-0.09876499381832479,-0.5012350061816695
63,2017-05-22,148.24,0.0012157233553965069,0.0012149849621520264,-0.8199999999999932,65.6202,0.006969892275112792,0.006945714853621643,-0.5457999999999998,-0.16782863665427605,-0.6521713633457171
64,2017-05-23,148.07,-0.0011467889908257955,-0.0011474470564769093,-1.170000000000016,65.6395,0.0002941167506347315,0.00029407350678218317,-0.9806999999999988,-0.30300315631834007,-0.8669968436816758
65,2017-05-24,150.04,0.013304518133315317,0.013216790293059099,0.9699999999999989,65.3883,-0.0038269639470135696,-0.0038343055101233005,-1.2511999999999972,-0.3870792831730864,1.3570792831730851
66,2017-05-25,151.96,0.012796587576646335,0.012715403105738265,0.9200000000000159,65.8907,0.0076833317275413855,0.007653965259946231,-0.4976000000000056,-0.1528472343829329,1.072847234382949
67,2017-05-26,152.13,0.0011187154514345056,0.001118090155612469,-0.8300000000000125,65.3013,-0.008945116685662738,-0.008985364435573552,-1.5893999999999977,-0.4921977530521083,-0.33780224694790423
68,2017-05-30,152.38,0.0016433313613356997,0.0016419825698262664,-0.75,65.1467,-0.002367487324142124,-0.0023702942533785553,-1.154600000000002,-0.35705431513549624,-0.39294568486450376
69,2017-05-31,151.46,-0.006037537734610759,-0.006055837359186924,-1.9199999999999875,65.3689,0.0034107637071409736,0.0034049602450227263,-0.7777999999999992,-0.23993829074041728,-1.6800617092595702
70,2017-06-01,151.53,0.00046216822923539667,0.0004620614623942308,-0.9300000000000068,65.5815,0.0032523111143067883,0.003247033789753071,-0.787399999999991,-0.24292213849570338,-0.6870778615043034
71,2017-06-02,153.61,0.013726654787830875,0.013633297612983456,1.0800000000000125,65.224,-0.0054512324359766344,-0.00546614462139489,-1.3575000000000017,-0.42011918071341897,1.5001191807134315
72,2017-06-05,153.63,0.00013019985678003912,0.00013019138151426933,-0.9800000000000182,65.5815,0.005481111247393623,0.005466144621394818,-0.6424999999999983,-0.19788468643931817,-0.7821153135607
73,2017-06-06,152.81,-0.0053374991863567875,-0.005351794525402806,-1.8199999999999932,65.9584,0.005747047566767945,0.005730596289654161,-0.623100000000008,-0.19185482743384208,-1.628145172566151
74,2017-06-07,153.12,0.0020286630456122132,0.0020266080874782135,-0.6899999999999977,67.2532,0.019630555016495386,0.019440360721347045,0.2948000000000093,0.09344453241818587,-0.7834445324181836
75,2017-06-08,154.71,0.010384012539184974,0.010330469026333158,0.5900000000000034,67.8426,0.008763895249594037,0.008725715227938108,-0.4106000000000023,-0.12580611410062886,0.7158061141006322
76,2017-06-09,149.6,-0.03302953913774167,-0.03358733119060047,-6.110000000000014,68.1615,0.004700586357244552,0.0046895731002186926,-0.6811000000000007,-0.20988224095537522,-5.9001177590446385
77,2017-06-12,148.44,-0.0077540106951871435,-0.007784229347979969,-2.1599999999999966,68.0262,-0.0019849915274752,-0.001986964234126905,-1.1353000000000009,-0.35105553787746774,-1.8089444621225288
78,2017-06-13,150.68,0.015090272163837301,0.014977546631443529,1.240000000000009,69.0795,0.01548374008837761,0.015365090180302876,0.05329999999999302,0.01838211232420167,1.2216178876758075
79,2017-06-14,150.25,-0.002853729758428503,-0.0028578094085233595,-1.4300000000000068,69.0211,-0.0008454027605873203,-0.0008457603150336622,-1.0583999999999918,-0.32715367408770507,-1.1028463259123018
80,2017-06-15,149.8,-0.0029950083194674785,-0.0029995023321978316,-1.4499999999999886,68.924,-0.0014068161765025118,-0.0014078066714516134,-1.0970999999999975,-0.3391823103512141,-1.1108176896487745
81,2017-06-16,150.64,0.005607476635513851,0.005591813265777713,-0.160000000000025,69.128,0.002959781788636665,0.0029554102582449717,-0.7960000000000065,-0.24559516877648757,0.08559516877646256
82,2017-06-19,152.87,0.014803505045140854,0.014695002664045994,1.2300000000000182,69.1086,-0.0002806388149520386,-0.00028067820139330516,-1.0194000000000045,-0.31503179258184905,1.5450317925818673
83,2017-06-20,152.25,-0.004055733629881628,-0.00406398042293641,-1.6200000000000045,68.2634,-0.012230026364301858,-0.012305428547884223,-1.8451999999999913,-0.5717048630315674,-1.048295136968437
84,2017-06-21,153.91,0.010903119868637087,0.010844109401856279,0.6599999999999966,67.768,-0.0072571832050557636,-0.007283644660570721,-1.4954000000000036,-0.46298091044824247,1.1229809104482391
85,2017-06-22,153.4,-0.00331362484568898,-0.003319127058706798,-1.509999999999991,67.5445,-0.0032980167630740375,-0.0033034672074294174,-1.2235000000000014,-0.37846963912918197,-1.131530360870809
86,2017-06-23,155.07,0.0108865710560625,0.010827738942901854,0.6699999999999875,67.8651,0.004746500455255408,0.0047352713406154925,-0.6794000000000011,-0.20935385124870964,0.8793538512486971
87,2017-06-26,153.59,-0.00954407686851093,-0.009589913448520648,-2.4799999999999898,68.2926,0.006299261328724114,0.0062795039100998415,-0.5725000000000051,-0.17612746322367412,-2.3038725367763155
88,2017-06-27,150.58,-0.019597630054039916,-0.019792210005560588,-4.009999999999991,68.6617,0.005404685134260566,0.005390132235900541,-0.6308999999999969,-0.19427920373501067,-3.8157207962649804
89,2017-06-28,153.24,0.017665028556249147,0.017510815410472017,1.6599999999999966,69.5846,0.013441263470027665,0.013351731081549686,-0.0771000000000015,-0.02214848635180027,1.6821484863517968
90,2017-06-29,151.04,-0.014356564865570458,-0.014460617435257795,-3.200000000000017,69.4972,-0.0012560250400230535,-0.0012568145005977438,-1.0873999999999882,-0.33616738084847164,-2.8638326191515455
91,2017-06-30,150.98,-0.0003972457627118795,-0.0003973246857117352,-1.0600000000000023,69.4486,-0.0006993087491295695,-0.0006995533795476823,-1.0486000000000075,-0.3241076628375195,-0.7358923371624828
92,2017-07-03,148.43,-0.01688965425884212,-0.01703391107480512,-3.549999999999983,69.604,0.002237626100454152,0.0022351263434912433,-0.8445999999999998,-0.2607008980376341,-3.289299101962349
93,2017-07-05,150.34,0.012868018594623705,0.012785929112649235,0.9099999999999966,69.6332,0.00041951611976327513,0.00041942814747894936,-0.970799999999997,-0.2999260633206981,1.2099260633206947
94,2017-07-06,148.82,-0.010110416389517162,-0.010161873780207708,-2.5200000000000102,69.2251,-0.005860710121034285,-0.005877951480003855,-1.4081000000000046,-0.43584654492358693,-2.0841534550764234
95,2017-07-07,151.44,0.017605160596694026,0.017451984931952276,1.6200000000000045,69.5846,0.005193203043404734,0.005179764869179131,-0.640500000000003,-0.19726305149030116,1.8172630514903056
96,2017-07-10,153.5,0.013602746962493412,0.013511060126184346,1.0600000000000023,69.3029,-0.004048309539754496,-0.004056526127844658,-1.2817000000000007,-0.396559216145619,1.4565592161456213
97,2017-07-11,155.27,0.011530944625407233,0.011464969965826651,0.7700000000000102,69.1669,-0.0019623998418535978,-0.0019643278712125635,-1.1359999999999957,-0.3512731101096226,1.121273110109633
98,2017-07-12,158.9,0.02337863077220323,0.0231095365495919,2.6299999999999955,69.2931,0.0018245721580697877,0.001822909648228791,-0.8738000000000028,-0.26977676829330455,2.8997767682933
99,2017-07-13,159.26,0.0022655758338576792,0.002263013286628392,-0.6400000000000148,69.4972,0.0029454592159971348,0.0029411298502307654,-0.795899999999989,-0.2455640870290312,-0.39443591297098357
100,2017-07-14,159.97,0.004458118799447495,0.0044482108242055755,-0.28999999999999204,69.0309,-0.006709622833725731,-0.006732233549347708,-1.466300000000004,-0.4539361219400239,0.16393612194003188
101,2017-07-17,159.73,-0.0015002813027443214,-0.001501407851639095,-1.240000000000009,69.4486,0.006050913431521194,0.006032680169800011,-0.5823000000000036,-0.1791734744738641,-1.0608265255261449
102,2017-07-18,162.86,0.019595567520190472,0.019406046237120108,2.130000000000024,69.6526,0.0029374242245345152,0.002933118423911712,-0.7959999999999923,-0.24559516877648313,2.375595168776507
103,2017-07-19,164.14,0.007859511236644802,0.007828786162580223,0.2799999999999727,69.7594,0.0015333239534488687,0.0015321496125526067,-0.8932000000000073,-0.275806627298785,0.5558066272987577
104,2017-07-20,164.53,0.0023760204703302964,0.0023732021969931683,-0.6099999999999852,69.9634,0.002924337078587166,0.002920069522736118,-0.7960000000000065,-0.24559516877648757,-0.36440483122349765
105,2017-07-21,164.43,-0.0006077918920561255,-0.0006079766724239996,-1.0999999999999943,70.6629,0.009998084712864163,0.009948434527473257,-0.30049999999999955,-0.09158511015716174,-1.0084148898428327
106,2017-07-24,166.0,0.009548135984917553,0.00950284063040857,0.5699999999999932,70.5657,-0.0013755450172578062,-0.0013764919477683452,-1.0971999999999866,-0.33921339209866164,0.9092133920986548
107,2017-07-25,165.28,-0.004337349397590355,-0.004346782985214795,-1.7199999999999989,70.6629,0.0013774397476392444,0.001376491947768276,-0.9028000000000134,-0.2787904750540755,-1.4412095249459234
108,2017-07-26,165.61,0.00199661181026145,0.001994621230071239,-0.6699999999999875,72.3241,0.023508800233220092,0.02323672425832513,0.661200000000008,0.2073280550783675,-0.877328055078355
109,2017-07-27,170.44,0.029164905500875454,0.028747702030311517,3.829999999999984,72.2075,-0.0016121873621656594,-0.00161348833467329,-1.1166000000000054,-0.3452432511041465,4.17524325110413
110,2017-07-28,172.45,0.011793006336540665,0.011724010751138481,1.009999999999991,72.2463,0.0005373403039851685,0.000537195988379493,-0.961199999999991,-0.2969422155654076,1.3069422155653985
111,2017-07-31,169.25,-0.01855610321832409,-0.018730427590465514,-4.199999999999989,72.2463,0.0,0.0,-1.0,-0.30900193357636857,-3.89099806642362
112,2017-08-01,169.86,0.00360413589364853,0.003597656559478907,-0.38999999999998636,72.6446,0.005513085099167595,0.005497943670675801,-0.6017000000000081,-0.1852033334793446,-0.20479666652064177
113,2017-08-02,169.3,-0.0032968326857412116,-0.003302279212773617,-1.5600000000000023,72.5378,-0.001470171217130973,-0.001471252979215158,-1.1067999999999927,-0.3421972398539521,-1.2178027601460502
114,2017-08-03,168.59,-0.00419373892498528,-0.004202557311379897,-1.710000000000008,72.9458,0.005624653628866621,0.005608894330757474,-0.5919999999999987,-0.18218840397660213,-1.5278115960234058
115,2017-08-04,169.62,0.006109496411412309,0.006090909105844198,0.030000000000001137,72.9652,0.0002659508840809246,0.0002659155254135918,-0.9806000000000097,-0.30297207457089254,0.3329720745708937
116,2017-08-07,171.98,0.013913453602169468,0.013817550049196376,1.3599999999999852,72.8681,-0.001330771381425632,-0.0013316576440230133,-1.0970999999999975,-0.3391823103512141,1.6991823103511994
117,2017-08-08,171.23,-0.0043609722060704735,-0.004370508981870661,-1.75,73.1012,0.0031989306706227748,0.0031938249775129313,-0.7668999999999926,-0.23655038026826464,-1.5134496197317353
118,2017-08-09,171.18,-0.0002920049056823159,-0.0002920475474160007,-1.049999999999983,74.0727,0.01328979551635256,0.01320226087603272,-0.028500000000008185,-0.00704275709065375,-1.0429572429093292
119,2017-08-10,167.4,-0.0220820189274448,-0.022329476398088657,-4.780000000000001,73.7521,-0.004328180287744322,-0.004337573974892518,-1.3205999999999989,-0.4086500159040275,-4.371349984095974
120,2017-08-11,168.08,0.0040621266427718445,0.004053898481370062,-0.3199999999999932,73.3441,-0.0055320458671685455,-0.005547404301471841,-1.4080000000000013,-0.43581546317613495,0.11581546317614178
121,2017-08-14,170.75,0.015885292717753376,0.015760441914154315,1.6699999999999875,74.607,0.017218835598228104,0.01707227149842672,0.2629000000000019,0.08352945498133914,1.5864705450186483
122,2017-08-15,171.0,0.0014641288433382138,0.0014630580517603152,-0.75,74.8012,0.0026029729113889455,0.0025995910447339297,-0.805800000000005,-0.24864118002667757,-0.5013588199733224
123,2017-08-16,170.0,-0.005847953216374269,-0.005865119452398134,-2.0,74.9178,0.0015587985219489176,0.0015575848566090678,-0.8833999999999946,-0.27276061604859064,-1.7272393839514093
124,2017-08-17,166.91,-0.018176470588235315,-0.018343692059935707,-4.090000000000003,74.1018,-0.010891937563569706,-0.010951688984121877,-1.8160000000000025,-0.5626289927759014,-3.527371007224102
125,2017-08-18,167.41,0.0029956263854772035,0.0029911484373672235,-0.5,72.7709,-0.01796042741201968,-0.01812367348851162,-2.3308999999999997,-0.7226689104007032,0.22266891040070325
126,2017-08-21,167.78,0.002210142763275817,0.0022077039904552427,-0.6299999999999955,73.1401,0.005073456560246011,0.0050606299447367555,-0.6307999999999936,-0.1942481219875587,-0.43575187801243676
127,2017-08-22,169.64,0.011085945881511416,0.011024947188241277,0.8599999999999852,74.2572,0.015273427299114897,0.015157962717313081,0.11709999999999354,0.03821226719789074,0.8217877328020945
128,2017-08-23,168.71,-0.005482197594906734,-0.0054972799885063765,-1.9299999999999784,73.5286,-0.009811843161336545,-0.009860296499332068,-1.7286000000000001,-0.5354635455037939,-1.3945364544961845
129,2017-08-24,167.74,-0.005749510995198855,-0.00576610306161799,-1.9699999999999989,72.8001,-0.009907709381111525,-0.009957117351118941,-1.7284999999999968,-0.5354324637563419,-1.434567536243657
130,2017-08-25,166.32,-0.008465482294026563,-0.008501518006508052,-2.420000000000016,73.5869,0.010807677461981502,0.01074969193438009,-0.2132000000000005,-0.06445074463250622,-2.3555492553675097
131,2017-08-28,167.24,0.005531505531505628,0.005516262938606968,-0.07999999999998408,73.4704,-0.0015831622204495915,-0.0015844167460109084,-1.116500000000002,-0.3452121693566946,0.2652121693567105
132,2017-08-29,168.05,0.004843338914135388,0.0048316476827503846,-0.18999999999999773,73.0624,-0.005553256821794917,-0.005568733476278435,-1.4080000000000013,-0.43581546317613495,0.24581546317613723
133,2017-08-30,169.92,0.011127640583159631,0.011066183882459307,0.8699999999999761,72.9361,-0.001728659337771556,-0.0017301551934564149,-1.1263000000000005,-0.3482581806068845,1.2182581806068606
134,2017-08-31,171.97,0.012064500941619654,0.011992304942534107,1.0500000000000114,73.2275,0.003995278058465014,0.003987318129458895,-0.7085999999999899,-0.21842972150437567,1.2684297215043872
135,2017-09-01,172.02,0.0002907483863465219,0.00029070612722547403,-0.9499999999999886,73.2178,-0.00013246389676022487,-0.00013247267087706553,-1.0097000000000094,-0.31201686307911103,-0.6379831369208776
136,2017-09-05,170.72,-0.007557260783629876,-0.00758596156989026,-2.3000000000000114,72.2561,-0.013134784164506355,-0.013221808310934148,-1.9616999999999933,-0.6079150988118934,-1.6920849011881178
137,2017-09-06,172.09,0.008024835988753542,0.007992808223376445,0.37000000000000455,72.0715,-0.0025548016015257287,-0.0025580706762158736,-1.1846000000000032,-0.3663788393707735,0.736378839370778
138,2017-09-07,173.21,0.006508222441745625,0.006487135405369198,0.12000000000000455,71.6149,-0.006335375287041266,-0.006355528942795282,-1.4565999999999946,-0.4509211924372815,0.5709211924372861
139,2017-09-08,170.95,-0.013047745511229255,-0.013133615096878545,-3.2600000000000193,72.2269,0.008545707666979842,0.008509399811455182,-0.38800000000000523,-0.11878163917672116,-3.141218360823298
140,2017-09-11,173.51,0.014975138929511567,0.01486411852827015,1.5600000000000023,72.0521,-0.0024201509409929644,-0.0024230842399214363,-1.1748000000000047,-0.36333282812058354,1.9233328281205857
141,2017-09-12,172.96,-0.003169846118379246,-0.0031748807226821014,-1.549999999999983,72.8875,0.011594387949830845,0.011527688101399182,-0.16459999999999297,-0.04934501537135528,-1.5006549846286277
142,2017-09-13,173.05,0.0005203515263644971,0.000520216190455172,-0.9099999999999966,72.6058,-0.0038648602298062182,-0.003872348101382183,-1.2817000000000007,-0.396559216145619,-0.5134407838543775
143,2017-09-14,170.96,-0.012077434267552749,-0.012150959070461048,-3.0900000000000034,72.9377,0.004571260147261025,0.004560843669816237,-0.6680999999999955,-0.20584161378675359,-2.88415838621325
144,2017-09-15,171.64,0.003977538605521633,0.003969649112431652,-0.3200000000000216,72.9866,0.0006704351796120396,0.0006702105383463721,-0.9511000000000109,-0.29380295907287063,-0.026197040927150972
145,2017-09-18,170.01,-0.009496620834304333,-0.009542001273686389,-2.6299999999999955,73.3185,0.004547410072533925,0.004537101842037144,-0.6680999999999955,-0.20584161378675359,-2.424158386213242
146,2017-09-19,172.52,0.014763837421328271,0.014655912930005021,1.5100000000000193,74.5195,0.016380586073091966,0.016247871605627157,0.2009999999999934,0.06428985330921513,1.4457101466908042
147,2017-09-20,172.17,-0.002028750289821602,-0.002030810991261661,-1.3500000000000227,74.9296,0.005503257536617932,0.005488169943489731,-0.5899000000000001,-0.1815356872801332,-1.1684643127198895
148,2017-09-21,171.11,-0.006156705581692362,-0.006175736244501673,-2.059999999999974,74.3047,-0.008339828318848582,-0.008374799257190592,-1.6248999999999967,-0.5032317733971856,-1.5567682266027882
149,2017-09-22,170.54,-0.003331190462275855,-0.0033367512299756056,-1.5700000000000216,74.6172,0.004205655900636165,0.004196836847813433,-0.6875,-0.21187147279223406,-1.3581285272077874
150,2017-09-25,162.87,-0.04497478597396498,-0.04601753672843404,-8.669999999999987,75.3006,0.009158746240813191,0.00911705926476076,-0.316599999999994,-0.09658927149675862,-8.573410728503228
151,2017-09-26,164.21,0.00822742064223002,0.00819375991827653,0.3400000000000034,74.5683,-0.009725022111377721,-0.00977261897735042,-1.7323000000000093,-0.5366135701594809,0.8766135701594843
152,2017-09-27,167.68,0.021131477985506356,0.02091130462893126,2.469999999999999,75.3104,0.009951950091392828,0.009902755554543823,-0.25789999999999225,-0.07834428574306625,2.548344285743065
153,2017-09-28,168.73,0.006261927480915928,0.006242403077568639,0.04999999999998295,75.7986,0.006482504408421572,0.006461583341981688,-0.511800000000008,-0.15726084252096478,0.20726084252094773
154,2017-09-29,170.87,0.012682984650032685,0.012603229249936019,1.1400000000000148,75.74,-0.0007731013501568424,-0.000773400347118889,-1.0585999999999984,-0.32721583758260897,1.4672158375826236
155,2017-10-02,169.47,-0.008193363375665744,-0.008227113454901656,-2.4000000000000057,75.9548,0.0028360179561659755,0.002832004044468358,-0.785199999999989,-0.24223834005178246,-2.157761659948223
156,2017-10-03,169.96,0.0028913672036349155,0.0028871952413303398,-0.5099999999999909,75.9158,-0.0005134632702607535,-0.0005135951376670707,-1.0390000000000015,-0.32112381508222904,-0.18887618491776187
157,2017-10-04,168.42,-0.009060955518945753,-0.009102255644764762,-2.5400000000000205,75.74,-0.002315723472584225,-0.0023184089068013836,-1.1758000000000095,-0.3636436455950942,-2.176356354404926
158,2017-10-05,171.24,0.016743854649091686,0.016605221674899348,1.8200000000000216,75.8181,0.0010311592289411972,0.001030627949454563,-0.9218999999999937,-0.2847270888171957,2.104727088817217
159,2017-10-06,172.23,0.005781359495444876,0.0057647115709095675,-0.010000000000019327,72.1566,-0.048293217582608954,-0.04949829329542991,-4.661500000000004,-1.4470601164919168,1.4370601164918975
160,2017-10-09,172.5,0.0015676711374325626,0.0015664436237594254,-0.7299999999999898,72.7425,0.008119839349415153,0.008087050825997076,-0.4140999999999906,-0.12689397526140755,-0.6031060247385822
161,2017-10-10,171.59,-0.00527536231884056,-0.005289326173884713,-1.9099999999999966,72.801,0.0008042066192390295,0.0008038834183644451,-0.9415000000000049,-0.2908191113175801,-1.6191808886824166
162,2017-10-11,172.74,0.006702022262369635,0.006679663554609944,0.15000000000000568,73.8458,0.014351451216329377,0.014249443950163474,0.044799999999995066,0.01574016379087385,0.13425983620913184
163,2017-10-12,172.55,-0.001099918953340267,-0.0011005243081270786,-1.1899999999999977,73.1428,-0.009519837282553687,-0.009565440588309177,-1.703000000000003,-0.5275066181563585,-0.6624933818436393
164,2017-10-13,173.74,0.006896551724137917,0.0068728792877620504,0.18999999999999773,72.5862,-0.007609771570133888,-0.007638873615762368,-1.5565999999999889,-0.48200293988820275,0.6720029398882005
165,2017-10-16,174.52,0.004489467019684592,0.004479419423634481,-0.21999999999999886,72.3617,-0.003092874403123543,-0.0030976672241071596,-1.2245000000000061,-0.3787804566036927,0.15878045660369383
166,2017-10-17,176.11,0.009110703644281477,0.009069451551585008,0.5900000000000034,72.9475,0.008095442754938125,0.008062850439565557,-0.4141999999999939,-0.12692505700885948,0.7169250570088629
167,2017-10-18,176.03,-0.0004542615410823491,-0.00045436474911296417,-1.0800000000000125,72.8401,-0.0014722917166455104,-0.0014733766030719357,-1.1073999999999984,-0.34238373033865943,-0.7376162696613531
168,2017-10-19,174.56,-0.008350849287053336,-0.008385912973120208,-2.469999999999999,71.2193,-0.0222514796108188,-0.022502778628986864,-2.6208000000000027,-0.81277489626093,-1.6572251037390688
169,2017-10-20,174.98,0.002406049495875272,0.002403159593357757,-0.5800000000000125,71.1997,-0.00027520629941598626,-0.00027524417561897814,-1.019599999999997,-0.31509395607674856,-0.26490604392326395
170,2017-10-23,171.27,-0.02120242313407235,-0.0214304230338409,-4.7099999999999795,71.7563,0.007817448669025133,0.007787050737249269,-0.4434000000000111,-0.1360009272645344,-4.573999072735445
171,2017-10-24,171.8,0.003094529106089806,0.003089750905877452,-0.46999999999999886,71.7172,-0.0005448998903230879,-0.0005450484022202347,-1.0390999999999906,-0.3211548968296766,-0.1488451031703223
172,2017-10-25,170.6,-0.0069848661233994,-0.007009374492576388,-2.200000000000017,70.731,-0.013751234013598004,-0.013846658040679187,-1.9862000000000108,-0.615530126937375,-1.584469873062642
173,2017-10-26,170.63,0.00017584994138335953,0.00017583448159474348,-0.9699999999999989,70.5846,-0.0020698138015862897,-0.002071958826552229,-1.1463999999999999,-0.35450561184451984,-0.6154943881554791
174,2017-10-27,177.88,0.04248959737443592,0.041611696103322174,6.25,70.6334,0.0006913689388336827,0.0006911300534278694,-0.9512,-0.29383404082031817,6.543834040820318
175,2017-10-30,179.87,0.011187317292556832,0.011125202097383654,0.9900000000000091,70.692,0.0008296358380029623,0.0008292918804175815,-0.9414000000000016,-0.29078802957012817,1.2807880295701373
176,2017-10-31,180.06,0.0010563184522154763,0.001055760940451289,-0.8100000000000023,70.9361,0.003453007412437095,0.003447059470600667,-0.7558999999999969,-0.23313138804866446,-0.5768686119513378
177,2017-11-01,182.66,0.014439631234033069,0.014336372583202165,1.5999999999999943,70.7018,-0.003302972675407732,-0.0033084395308903792,-1.2342999999999904,-0.38182646785387825,1.9818264678538726
178,2017-11-02,178.92,-0.020475199824811174,-0.02068772269888556,-4.740000000000009,71.4438,0.01049478231105842,0.010440094375727306,-0.2580000000000098,-0.07837536749052262,-4.661624632509486
179,2017-11-03,178.92,0.0,0.0,-1.0,70.692,-0.010522956505673031,-0.010578714315437646,-1.751800000000003,-0.5426745109124089,-0.4573254890875911
180,2017-11-06,180.17,0.0069863626201654375,0.006962071062961377,0.25,70.2721,-0.005939851751258961,-0.0059575628396580345,-1.4198999999999984,-0.43951419112279394,0.689514191122794
181,2017-11-07,180.25,0.0004440250874175085,0.00044392653744981916,-0.9199999999999875,70.321,0.0006958664960916676,0.0006956244932627316,-0.9510999999999967,-0.2938029590728662,-0.6261970409271214
182,2017-11-08,179.56,-0.0038280166435506117,-0.003835362251327054,-1.6899999999999977,71.024,0.009997013694344548,0.009947374110524232,-0.29699999999999704,-0.09049724899637865,-1.599502751003619
183,2017-11-09,179.3,-0.001447983960792999,-0.0014490333026441686,-1.259999999999991,71.9906,0.0136094841180446,0.013517706845701869,-0.03340000000000032,-0.008565762715746533,-1.2514342372842444
184,2017-11-10,178.46,-0.004684885666480777,-0.004695894139081795,-1.8400000000000034,71.8344,-0.0021697277144515858,-0.0021720849840016097,-1.1561999999999983,-0.35755162309470984,-1.4824483769052936
185,2017-11-13,178.77,0.001737083940378809,0.0017355769549918037,-0.6899999999999977,73.631,0.02501030147116142,0.024702662755635586,0.796599999999998,0.2494127411269142,-0.939412741126912
186,2017-11-14,178.07,-0.003915645801868418,-0.003923332013774299,-1.700000000000017,74.1778,0.007426219934538504,0.007398781322987593,-0.4531999999999954,-0.13904693851471994,-1.560953061485297
187,2017-11-15,177.95,-0.0006738922895490793,-0.0006741194570213562,-1.1200000000000045,74.1387,-0.0005271118852271811,-0.0005272508575350282,-1.0391000000000048,-0.32115489682968096,-0.7988451031703236
188,2017-11-16,179.59,0.009216071930317588,0.009173863074443452,0.6400000000000148,74.1778,0.0005273898787003926,0.0005272508575350578,-0.9608999999999952,-0.2968489703230562,0.9368489703230709
189,2017-11-17,179.0,-0.0032852608719862097,-0.0032906691898900776,-1.5900000000000034,74.1582,-0.00026422999873292497,-0.0002642649136295049,-1.0196000000000112,-0.31509395607675295,-1.2749060439232505
190,2017-11-20,178.74,-0.001452513966480396,-0.001453569887509017,-1.259999999999991,75.0761,0.012377592767893545,0.012301616658332754,-0.08209999999999695,-0.02370257372434501,-1.2362974262756459
191,2017-11-21,181.86,0.017455521987244066,0.017304924344520918,2.1200000000000045,75.4178,0.004551381864534826,0.004541055646615386,-0.658299999999997,-0.2027956025365636,2.3227956025365684
192,2017-11-22,180.87,-0.005443747937974316,-0.005458619128342938,-1.990000000000009,75.3495,-0.0009056217497725151,-0.0009060320728997239,-1.0682999999999936,-0.330230767085347,-1.659769232914662
193,2017-11-24,182.78,0.010560070769060632,0.010504702674631777,0.9099999999999966,75.4276,0.001036503228289399,0.00103596642971512,-0.9219000000000079,-0.28472708881720016,1.1947270888171968
194,2017-11-27,183.03,0.0013677645256592625,0.0013668299878152664,-0.75,75.408,-0.0002598518314250613,-0.0002598855987620168,-1.019599999999997,-0.31509395607674856,-0.43490604392325144
195,2017-11-28,182.42,-0.003332786974812947,-0.0033383530798585166,-1.6100000000000136,76.4919,0.01437380649267982,0.014271482692241794,0.08389999999999986,0.027893127044186252,-1.6378931270441999
196,2017-11-29,175.13,-0.039962723385593646,-0.040783165467439216,-8.289999999999992,76.7067,0.002808140469775189,0.0028042050091556005,-0.7852000000000032,-0.24223834005178685,-8.047761659948206
197,2017-11-30,177.18,0.01170559013304409,0.01163760969931329,1.0500000000000114,77.2925,0.007636881784772466,0.007607868423854775,-0.4141999999999939,-0.12692505700885948,1.1769250570088707
198,2017-12-01,175.1,-0.011739473981262063,-0.011808925692080214,-3.0800000000000125,77.3902,0.0012640294983341076,0.001263231285619961,-0.902300000000011,-0.27863506631682017,-2.8013649336831925
199,2017-12-04,171.47,-0.020731010850942293,-0.02094891510104619,-4.6299999999999955,77.0679,-0.004164609989378481,-0.004173306129980871,-1.3222999999999985,-0.4091784056106931,-4.220821594389302
200,2017-12-05,172.83,0.00793141657432795,0.007900128221641656,0.36000000000001364,76.6578,-0.005321281623088211,-0.005335490069322017,-1.4101,-0.43646817987260395,0.7964681798726176
201,2017-12-06,176.06,0.018688885031533816,0.018516393620358628,2.2299999999999898,76.4723,-0.002419845077734953,-0.002422777634679306,-1.1854999999999905,-0.36665857509782784,2.5966585750978175
202,2017-12-07,180.14,0.023173917982505874,0.022909480322836635,3.079999999999984,75.9548,-0.006767156212118613,-0.006790157240147882,-1.5174999999999983,-0.4698499766348948,3.549849976634879
203,2017-12-08,179.0,-0.006328411235705487,-0.006348520514841699,-2.1399999999999864,76.9215,0.012727306240026815,0.0126469947923553,-0.03330000000001121,-0.008534680968298996,-2.1314653190316872
204,2017-12-11,179.04,0.00022346368715079354,0.00022343872286002825,-0.960000000000008,77.3511,0.0055849144907471615,0.005569376680528886,-0.5703999999999922,-0.17547474652720074,-0.7845252534728072
205,2017-12-12,176.96,-0.011617515638963271,-0.011685526229645056,-3.079999999999984,77.3999,0.0006308895413252036,0.0006306906141814704,-0.9512,-0.29383404082031817,-2.786165959179666
206,2017-12-13,178.3,0.0075723327305605975,0.007543806535124739,0.3400000000000034,76.3649,-0.013372110299884063,-0.013462322084056639,-2.0349999999999966,-0.630698019693421,0.9706980196934244
207,2017-12-14,178.39,0.0005047672462141054,0.0005046398940814067,-0.910000000000025,76.0117,-0.0046251615598265836,-0.004635890715054043,-1.353200000000001,-0.41878266557302907,-0.49121733442699594
208,2017-12-15,180.18,0.010034194741857842,0.00998418646011783,0.7900000000000205,76.051,0.0005170256684167993,0.0005168920566977338,-0.9607000000000028,-0.29678680682815667,1.0867868068281772
209,2017-12-18,180.82,0.003552003552003476,0.0035457100859264926,-0.36000000000001364,75.5211,-0.0069676927325084195,-0.006992080453636858,-1.5298999999999978,-0.4737041133188091,0.11370411331879543
210,2017-12-19,179.51,-0.007244773808207069,-0.007271144626241651,-2.3100000000000023,74.6773,-0.011173036409692147,-0.01123592364736017,-1.8438000000000017,-0.5712697185672577,-1.7387302814327446
211,2017-12-20,177.89,-0.009024566876497157,-0.009065534945800332,-2.6200000000000045,73.6373,-0.013926588133207898,-0.014024472925124477,-2.0400000000000063,-0.6322521070659701,-1.9877478929340344
212,2017-12-21,177.45,-0.002473438641857315,-0.0024765026446729437,-1.4399999999999977,73.9807,0.004663397490130716,0.00465255753965626,-0.6565999999999974,-0.202267212829898,-1.2377327871700996
213,2017-12-22,177.2,-0.0014088475626937167,-0.0014098409215249571,-1.25,74.6577,0.009151035337594897,0.00910941831361582,-0.3229999999999933,-0.09857850333361748,-1.1514214966663825
214,2017-12-26,175.99,-0.006828442437923136,-0.006851862928860891,-2.2099999999999795,74.6969,0.0005250630544470818,0.0005249252570742962,-0.9608000000000061,-0.29681788857560865,-1.913182111424371
215,2017-12-27,177.62,0.009261889880106799,0.00921926158823855,0.6299999999999955,74.903,0.0027591506474834485,0.002755351178602564,-0.7938999999999936,-0.2449424520800142,0.8749424520800096
216,2017-12-28,177.92,0.001688998986600512,0.0016875742318593742,-0.700000000000017,75.2268,0.004322924315447865,0.004313607319590605,-0.6762000000000086,-0.2083592353302824,-0.49164076466973466
217,2017-12-29,176.46,-0.008205935251798446,-0.008239789268258801,-2.4599999999999795,75.3838,0.0020870221782662095,0.0020848473728657226,-0.8430000000000035,-0.2602035900784205,-2.199796409921559
218,2018-01-02,181.42,0.02810835316785662,0.027720563392839223,3.9599999999999795,75.2955,-0.0011713392001993746,-0.00117202575413776,-1.0882999999999896,-0.3364471165755304,4.29644711657551
219,2018-01-03,184.67,0.017914232168448903,0.017755663270983213,2.25,76.1981,0.011987436168164,0.011916155934615985,-0.09740000000000748,-0.028458081084339507,2.2784580810843393
220,2018-01-04,184.33,-0.0018411220014077816,-0.001842818949698873,-1.339999999999975,77.2088,0.013264110259967111,0.013176912173179548,0.010699999999999932,0.005141287910110606,-1.3451412879100857
221,2018-01-05,186.85,0.013671133293549513,0.013578526423410566,1.5199999999999818,77.719,0.006608055040358062,0.0065863175537735135,-0.48980000000000246,-0.15042285808175998,1.6704228580817417
222,2018-01-08,188.28,0.00765319775220769,0.00762406060144861,0.4300000000000068,78.4549,0.009468727080894001,0.009424179668712531,-0.2640999999999991,-0.08027135408502561,0.5102713540850324
223,2018-01-09,187.87,-0.002177607818143173,-0.0021799822537338807,-1.4099999999999966,78.6609,0.0026257123519372668,0.0026222711916083523,-0.7939999999999969,-0.24497353382746612,-1.1650264661725305
224,2018-01-10,187.84,-0.0001596848884867256,-0.00015969763947597235,-1.0300000000000011,79.7009,0.013221308172166938,0.01313466949290452,0.04000000000000625,0.014248239913233022,-1.0442482399132342
225,2018-01-11,187.77,-0.00037265758091989555,-0.0003727270350117733,-1.0699999999999932,78.9454,-0.009479190322819414,-0.009524403799022961,-1.7554999999999978,-0.5438245355680915,-0.5261754644319017
226,2018-01-12,179.37,-0.0447355807637003,-0.04576709804379711,-9.400000000000006,79.8972,0.012056433940419473,0.01198433407373751,-0.04820000000000846,-0.013165861338485673,-9.38683413866152
227,2018-01-16,178.39,-0.005463566928694978,-0.005478546797746643,-1.9800000000000182,78.9062,-0.012403438418367599,-0.012481003107257964,-1.9909999999999997,-0.6170220508150158,-1.3629779491850025
228,2018-01-17,177.6,-0.004428499355344986,-0.00443833420510643,-1.789999999999992,78.9454,0.0004967923940071645,0.0004966690335204334,-0.9607999999999919,-0.2968178885756042,-1.493182111424388
229,2018-01-18,179.8,0.012387387387387485,0.012311291479450249,1.200000000000017,78.3273,-0.00782946188124973,-0.007860273046524436,-1.6181000000000125,-0.5011182145705277,1.7011182145705448
230,2018-01-19,181.29,0.008286985539488213,0.008252837004056884,0.4899999999999807,78.5628,0.0030066145520144553,0.0030021037257644124,-0.7644999999999982,-0.2358044183294442,0.7258044183294249
231,2018-01-22,185.37,0.02250537812344869,0.02225586869942118,3.0800000000000125,79.1122,0.006993131609362264,0.0069687930670496575,-0.45059999999999434,-0.13823881308099562,3.2182388130810082
232,2018-01-23,189.35,0.021470572368775906,0.02124332660680581,2.9799999999999898,78.7001,-0.0052090575157813235,-0.005222671955395835,-1.4120999999999952,-0.43708981482162096,3.417089814821611
233,2018-01-24,186.55,-0.014787430683918579,-0.014897854680636946,-3.799999999999983,79.6421,0.01196948923826009,0.011898421436732988,-0.058000000000006935,-0.01621187258867566,-3.783788127411307
234,2018-01-25,187.48,0.004985258643795113,0.00497287338733836,-0.0700000000000216,79.6519,0.00012305049716165793,0.0001230429270702287,-0.9902000000000015,-0.3059559223261786,0.23595592232615697
235,2018-01-26,190.0,0.013441433752933702,0.01335189910598073,1.5200000000000102,79.8285,0.002217147362461004,0.0022146931181922856,-0.8233999999999924,-0.2541115675780361,1.7741115675780463
236,2018-01-29,185.98,-0.02115789473684216,-0.021384931110434966,-5.02000000000001,80.1081,0.003502508502602302,0.0034963890045966372,-0.7204000000000121,-0.2220973677035915,-4.7979026322964184
237,2018-01-30,187.12,0.006129691364662947,0.006110981225872395,0.14000000000001478,80.3093,0.002511606192132881,0.0025084573805817076,-0.7988,-0.24646545770511136,0.38646545770512614
238,2018-01-31,186.89,-0.001229157759726476,-0.0012299137937124367,-1.2300000000000182,79.387,-0.011484348637081794,-0.011550803049247969,-1.9222999999999928,-0.5956688903162295,-0.6343311096837887
239,2018-02-01,193.09,0.03317459468136346,0.03263619297223629,5.200000000000017,79.8383,0.005684809855517948,0.005668712302841258,-0.5486999999999966,-0.16873000733035182,5.3687300073303685
240,2018-02-02,190.28,-0.014552799212802331,-0.014659729890366572,-3.8100000000000023,78.8277,-0.012658085154618907,-0.012738881254554173,-2.010600000000011,-0.6231140733154001,-3.186885926684602
241,2018-02-05,181.26,-0.04740382594071899,-0.04856420693744519,-10.02000000000001,76.0117,-0.035723482988847685,-0.036377182130721566,-3.8159999999999883,-1.1842639417943577,-8.835736058205653
242,2018-02-06,185.31,0.022343594836147035,0.02209763374928188,3.0500000000000114,76.257,0.003227134770041984,0.003221938746474285,-0.7546999999999997,-0.23275840707925427,3.2827584070792657
243,2018-02-07,180.18,-0.027683341427877584,-0.02807374715262348,-6.1299999999999955,75.8155,-0.005789632427187076,-0.005806457320401621,-1.4415000000000049,-0.44622784857219533,-5.6837721514278
244,2018-02-08,171.58,-0.047730047730047694,-0.04890672107847475,-9.599999999999994,73.7943,-0.026659456179804832,-0.02702126438091155,-3.0211999999999932,-0.937226213054423,-8.662773786945571
245,2018-02-09,176.11,0.026401678517309714,0.026059169662174766,3.530000000000001,74.6773,0.011965693827300963,0.011894670910539428,-0.11700000000000443,-0.03455010358471947,3.5645501035847205
246,2018-02-12,176.41,0.001703480779058446,0.0017020315013204575,-0.700000000000017,76.1,0.01905130474722562,0.018872101105867296,0.42269999999999186,0.133198087407911,-0.8331980874079281
247,2018-02-13,173.15,-0.01847967802278777,-0.018652560459883543,-4.259999999999991,77.0223,0.012119579500657124,0.012046725446660585,-0.077699999999993,-0.022334976836503165,-4.237665023163488
248,2018-02-14,179.52,0.03678891134854175,0.03612835148590059,5.3700000000000045,78.2586,0.016051195562843488,0.015923737220297725,0.23629999999999995,0.075261710159393,5.294738289840612
249,2018-02-15,179.96,0.00245098039215685,0.0024479816386400372,-0.5600000000000023,78.8669,0.007772947637703713,0.0077428939170835764,-0.39170000000000016,-0.11993166383240374,-0.44006833616759855
250,2018-02-16,177.36,-0.014447655034452068,-0.014553038664915526,-3.5999999999999943,77.5325,-0.01691964563080332,-0.01706441815833652,-2.3344000000000023,-0.7237567715614863,-2.8762432284385078
251,2018-02-20,176.01,-0.007611637347767381,-0.007640753702177938,-2.3500000000000227,77.3167,-0.002783348918195615,-0.002787229636397107,-1.2158000000000015,-0.37607634457546096,-1.9739236554245618
252,2018-02-21,177.91,0.010794841202204452,0.010736992840806009,0.9000000000000057,77.6307,0.00406121833963435,0.00405299385253851,-0.6859999999999928,-0.211405246580468,1.1114052465804738
253,2018-02-22,178.99,0.006070485076724257,0.0060521339117246215,0.0800000000000125,76.728,-0.01162813165410089,-0.011696267083836876,-1.90270000000001,-0.5895768678158539,0.6695768678158664
254,2018-02-23,183.29,0.02402368847421634,0.023739659625347933,3.299999999999983,78.9651,0.029156240225211297,0.028739282279407082,1.2371000000000123,0.3863278386482346,2.9136721613517484
255,2018-02-26,184.93,0.008947569425500655,0.008907777113028701,0.6400000000000148,80.1229,0.014662173542488954,0.014555723143952044,0.1577999999999946,0.05086253841041675,0.589137461589598
256,2018-02-27,181.46,-0.01876385659438706,-0.018942131355302337,-4.469999999999999,80.1523,0.00036693629411810395,0.0003668689894599771,-0.9706000000000046,-0.29986389982579864,-4.1701361001742
257,2018-02-28,178.32,-0.017304089055439297,-0.017455554663869572,-4.140000000000015,79.23,-0.011506843846028035,-0.011573559861318507,-1.9222999999999928,-0.5956688903162295,-3.5443311096837853
258,2018-03-01,175.94,-0.013346792283535193,-0.013436661253084915,-3.3799999999999955,78.1016,-0.014242080020194359,-0.014344471785659018,-2.128399999999999,-0.6597283718125839,-2.7202716281874117
259,2018-03-02,176.62,0.0038649539615778494,0.003857504216127696,-0.3199999999999932,79.073,0.012437645323527155,0.012360933236479198,-0.028600000000011505,-0.007073838838105704,-0.3129261611618875
260,2018-03-05,180.4,0.021401879741818598,0.02117607558786704,2.780000000000001,80.2308,0.014642166099680155,0.014536004620299628,0.15780000000000882,0.05086253841042116,2.72913746158958
261,2018-03-06,179.78,-0.0034368070953437056,-0.003442726483270035,-1.6200000000000045,82.3305,0.02617074739376896,0.025834153363991995,1.0996999999999986,0.34362151765066207,-1.9636215176506666
262,2018-03-07,183.71,0.02186005117365673,0.021624546175592445,2.930000000000007,82.3697,0.00047612974535553537,0.0004760164315549058,-0.9608000000000061,-0.29681788857560865,3.2268178885756154
263,2018-03-08,182.34,-0.007457405693756488,-0.0074853511640890855,-2.3700000000000045,83.2626,0.010840151172093764,0.010781817915626796,-0.10709999999998843,-0.03147301058707312,-2.3385269894129315
264,2018-03-09,185.23,0.0158495119008445,0.01572521997787498,1.8899999999999864,84.9012,0.019679904302772153,0.019488758733587772,0.6385999999999967,0.20030358015445537,1.6896964198455309
265,2018-03-12,184.76,-0.002537385952599465,-0.002540610572226996,-1.4699999999999989,84.2732,-0.007396833024739345,-0.007424325248292503,-1.6280000000000001,-0.5041953075681653,-0.9658046924318335
266,2018-03-13,181.88,-0.01558778956484085,-0.01571055660559481,-3.8799999999999955,83.6453,-0.007450767266461897,-0.007478662881759526,-1.6278999999999968,-0.5041642258207134,-3.375835774179282
267,2018-03-14,184.19,0.012700681768198826,0.01262070457420163,1.3100000000000023,82.7818,-0.010323353493860406,-0.010377008896098185,-1.863500000000002,-0.5773928228150896,1.8873928228150918
268,2018-03-15,183.86,-0.0017916282100004564,-0.0017932350954028599,-1.329999999999984,82.8706,0.0010726995547329485,0.0010721246236810862,-0.911200000000008,-0.2814013418399514,-1.0485986581600326
269,2018-03-16,185.09,0.006689872729250461,0.0066675948330165834,0.22999999999998977,82.7621,-0.0013092701150950068,-0.0013101279580592926,-1.1084999999999923,-0.3427256295606177,0.5727256295606075
270,2018-03-19,172.56,-0.06769679615322276,-0.0700971911877244,-13.530000000000001,82.4172,-0.004167366463635042,-0.004176074135716694,-1.3449000000000098,-0.4162028805346052,-13.113797119465396
271,2018-03-20,168.15,-0.02555632823365784,-0.025888563894622307,-5.409999999999997,82.9395,0.006337269404930055,0.0063172733489727136,-0.4776999999999987,-0.1466619666401971,-5.263338033359799
272,2018-03-21,169.39,0.007374368123698963,0.00734731041201187,0.23999999999998067,82.9987,0.0007137732925807865,0.0007135186775752774,-0.9407999999999959,-0.29060153908542086,0.5306015390854015
273,2018-03-22,164.89,-0.026565912981876147,-0.026925163685413624,-5.5,80.8402,-0.026006431426034426,-0.026350578468214085,-3.1585000000000036,-0.9799014523045435,-4.520098547695456
274,2018-03-23,159.39,-0.0333555703802535,-0.03392455578191532,-6.5,79.5589,-0.015849787605671458,-0.015976738708167883,-2.2813000000000017,-0.7072523636650461,-5.792747636334954
275,2018-03-26,160.06,0.004203525942656478,0.0041947158079386655,-0.3299999999999841,82.2989,0.034439892959807254,0.033860114011633614,1.740000000000009,0.5426379465789256,-0.8726379465789097
276,2018-03-27,152.22,-0.048981631888042006,-0.05022190209965467,-8.840000000000003,80.7416,-0.01892248863593557,-0.01910380993457381,-2.557299999999998,-0.7930379866295925,-8.046962013370411
277,2018-03-28,153.03,0.00532124556562871,0.005307137763699305,-0.18999999999999773,82.289,0.019164841915443785,0.018983509474917355,0.5473999999999961,0.1719570264792134,-0.36195702647921113
278,2018-03-29,159.79,0.04417434489969281,0.04322647254835214,5.759999999999991,84.9798,0.03269938873968569,0.03217613979002582,1.6907999999999959,0.5273457268330674,5.232654273166924
279,2018-04-02,155.39,-0.02753614118530575,-0.027922367352654437,-5.400000000000006,84.2997,-0.008003078378626403,-0.00803527490633964,-1.680099999999996,-0.5203888979900949,-4.87961110200991
280,2018-04-03,156.11,0.004633502799408117,0.004622801169932749,-0.2799999999999727,85.4036,0.013094945770862718,0.013009948190173733,0.10389999999999588,0.034109476534369625,-0.31410947653434235
281,2018-04-04,155.1,-0.006469796938056622,-0.006490816786082225,-2.0100000000000193,84.9798,-0.00496232008955126,-0.00497467328383404,-1.4238,-0.44072637927338043,-1.569273620726639
282,2018-04-05,159.34,0.02733720180528697,0.026970213769726806,3.240000000000009,85.0685,0.0010437774624087476,0.0010432331054720237,-0.9112999999999971,-0.28143242358739895,3.521432423587408
283,2018-04-06,157.2,-0.013430400401656927,-0.013521403957113865,-3.140000000000015,83.9744,-0.012861399930644097,-0.012944823805223068,-2.0940999999999974,-0.6490673324369167,-2.490932667563098
284,2018-04-09,157.93,0.004643765903308004,0.004633016886857232,-0.2699999999999818,84.0631,0.0010562742931179369,0.0010557168279496747,-0.9112999999999971,-0.28143242358739895,0.01143242358741714
285,2018-04-10,165.04,0.045019945545494745,0.04403597188103303,6.109999999999985,84.7137,0.007739424313402636,0.00770962860472847,-0.3494000000000028,-0.10678408466066412,6.21678408466065
286,2018-04-11,166.32,0.007755695588948141,0.007725774786761141,0.28000000000000114,84.5165,-0.0023278407152563206,-0.0023305543485427176,-1.1972000000000094,-0.3702951395495917,0.6502951395495928
287,2018-04-12,163.87,-0.014730639730639664,-0.014840212991624755,-3.4499999999999886,85.374,0.010145947832671748,0.01009482321826899,-0.1424999999999983,-0.042475949184702946,-3.4075240508152858
288,2018-04-13,164.52,0.003966558857631084,0.003958712804090557,-0.3499999999999943,84.6939,-0.007966125518307634,-0.007998024617286126,-1.680099999999996,-0.5203888979900949,0.1703888979901006
289,2018-04-16,164.83,0.001884269389739863,0.0018824963810412639,-0.6899999999999977,84.7432,0.000582096231251629,0.0005819268789568658,-0.9506999999999977,-0.2936786320830628,-0.39632136791693495
290,2018-04-17,168.66,0.02323606139659033,0.022970214403230778,2.829999999999984,84.6644,-0.0009298681192119379,-0.0009303007147634804,-1.078800000000001,-0.3334943505676963,3.1634943505676802
291,2018-04-18,166.36,-0.013636902644373195,-0.013730739271784522,-3.299999999999983,84.418,-0.0029103141343940803,-0.0029145573332687476,-1.2463999999999942,-0.38558735929544113,-2.914412640704542
292,2018-04-19,168.1,0.010459245010819792,0.010404925539858945,0.7399999999999807,85.6894,0.015060769030301591,0.014948481667370212,0.27139999999999986,0.08617140351466696,0.6538285964853137
293,2018-04-20,166.28,-0.010826888756692405,-0.01088592603013314,-2.819999999999993,86.1625,0.005521102960225979,0.005505917539152097,-0.5269000000000119,-0.16195418638605535,-2.658045813613938
294,2018-04-23,165.84,-0.002646139042578769,-0.0026496462569125826,-1.4399999999999977,85.6993,-0.005375888582620055,-0.005390390669399299,-1.4632000000000005,-0.45297258776904425,-0.9870274122309535
295,2018-04-24,159.69,-0.037083936324167906,-0.03778903227474852,-7.150000000000006,85.0093,-0.008051407654438226,-0.00808399527237914,-1.6899999999999977,-0.5234659909877368,-6.626534009012269
296,2018-04-25,159.69,0.0,0.0,-1.0,86.5272,0.017855693435894632,0.01769815310558179,0.5178999999999974,0.1627879109811915,-1.1627879109811916
297,2018-04-26,174.16,0.0906130628091928,0.08673998107351627,13.469999999999999,86.8919,0.004214859604841176,0.004206001964514836,-0.6352999999999867,-0.19564680062284806,13.665646800622847
298,2018-04-27,173.59,-0.0032728525493798417,-0.0032782200458341534,-1.5699999999999932,87.5227,0.007259594968000395,0.007233370949136164,-0.3692000000000064,-0.112938270655948,-1.457061729344045
299,2018-04-30,172.0,-0.00915951379687772,-0.009201720067004773,-2.5900000000000034,87.0496,-0.005405454813436997,-0.005420117145893955,-1.4731000000000023,-0.45604968076668617,-2.133950319233317
300,2018-05-01,173.86,0.010813953488372172,0.010755900837465356,0.8600000000000136,87.7296,0.007811638422232921,0.007781285542819811,-0.3199999999999932,-0.09764605091008975,0.9576460509101034
301,2018-05-02,176.07,0.012711376969975725,0.012631265587434526,1.2099999999999795,86.6455,-0.012357288760008097,-0.012434274937154353,-2.0841000000000065,-0.6459591576918273,1.8559591576918069
302,2018-05-03,174.02,-0.011643096495711837,-0.011711408100474356,-3.049999999999983,84.7728,-0.02161335556953327,-0.021850345120916728,-2.8726999999999947,-0.8910698180898027,-2.15893018191018
303,2018-05-04,176.61,0.01488334674175384,0.014773676570401238,1.5900000000000034,86.4385,0.019648991185852078,0.019458441782760662,0.6657000000000011,0.2087267337136569,1.3812732662863465
304,2018-05-07,177.97,0.0077005832059338945,0.007671085053614405,0.3599999999999852,87.3847,0.010946511103269843,0.010887031718110342,-0.05380000000000962,-0.014906439195737725,0.374906439195723
305,2018-05-08,178.92,0.00533797831095122,0.005323781802753105,-0.05000000000001137,87.089,-0.0033838875684186883,-0.0033896258647800235,-1.2956999999999965,-0.40091066078874693,0.35091066078873556
306,2018-05-09,182.66,0.02090319695953504,0.020687722698885552,2.740000000000009,88.7941,0.019578821665193098,0.01938962208518242,0.7051000000000016,0.22097294220932073,2.519027057790688
307,2018-05-10,185.53,0.015712252271980753,0.015590092775253564,1.8700000000000045,89.0701,0.003108314629012471,0.003103493806268621,-0.7240000000000038,-0.22321631061182212,2.093216310611827
308,2018-05-11,186.99,0.007869347275373298,0.007838545450082545,0.46000000000000796,89.2376,0.0018805412815299859,0.0018787752774565801,-0.832499999999996,-0.25694000659607125,0.7169400065960791
309,2018-05-14,186.64,-0.0018717578480133843,-0.001873511775694534,-1.3500000000000227,89.0996,-0.0015464333419993952,-0.0015476303042140762,-1.1380000000000052,-0.351894745058644,-0.9981052549413787
310,2018-05-15,184.32,-0.01243034719245603,-0.012508250205648105,-3.319999999999993,88.6561,-0.0049775756569053085,-0.004990005049263372,-1.4435000000000002,-0.44684948352121234,-2.873150516478781
311,2018-05-16,183.2,-0.006076388888888914,-0.0060949252674965875,-2.1200000000000045,88.9419,0.003223692447558701,0.0032185074912084288,-0.7141999999999911,-0.22017029936162774,-1.8998297006383769
312,2018-05-17,183.76,0.0030567685589519777,0.0030521061408129366,-0.4399999999999977,89.2672,0.0036574437919585545,0.0036507716082220033,-0.6747000000000014,-0.20789300911851633,-0.2321069908814814
313,2018-05-18,182.68,-0.005877231171092644,-0.005894570064044488,-2.079999999999984,88.7744,-0.005520504731861228,-0.005535799032251752,-1.4928000000000026,-0.46217278501451814,-1.617827214985466
314,2018-05-21,184.49,0.00990803590978762,0.009859273152875795,0.8100000000000023,89.898,0.01265680196092563,0.012577374142282893,0.12359999999999616,0.040232580782201544,0.7697674192178008
315,2018-05-22,183.8,-0.0037400401105750864,-0.003747051548087278,-1.6899999999999977,90.1937,0.003289283410087107,0.0032838855508980527,-0.7042999999999893,-0.21709320636398577,-1.472906793636012
316,2018-05-23,186.9,0.016866158868335115,0.01672550453993053,2.0999999999999943,90.5682,0.0041521747084330455,0.004143578218896994,-0.6255000000000024,-0.1926007893726625,2.2926007893726568
317,2018-05-24,185.93,-0.005189941144997319,-0.005203455669545725,-1.9699999999999989,91.2779,0.007836083746833856,0.007805541095348494,-0.290300000000002,-0.08841477191716834,-1.8815852280828305
318,2018-05-25,184.92,-0.005432151885118159,-0.005446959671946762,-2.0100000000000193,91.4454,0.001835055363894261,0.0018333737067748707,-0.832499999999996,-0.25694000659607125,-1.7530599934039481
319,2018-05-29,185.74,0.004434349989184629,0.0044245472278376385,-0.1799999999999784,90.8737,-0.006251818024744896,-0.0062714424741316995,-1.571700000000007,-0.48669628375329776,0.30669628375331937
320,2018-05-30,187.67,0.010390868956605891,0.010337254955318856,0.9299999999999784,92.0959,0.013449435865382402,0.01335979505397564,0.22220000000000084,0.07087918376881312,0.8591208162311653
321,2018-05-31,191.78,0.021900143869558342,0.02166378042235392,3.1100000000000136,90.5386,-0.016909547547719256,-0.017054146331444257,-2.557299999999998,-0.7930379866295925,3.903037986629606
322,2018-06-01,193.99,0.011523620815517822,0.011457729617479574,1.210000000000008,90.7653,0.002503904412040764,0.002500774866355326,-0.7733000000000061,-0.23853961210512792,1.448539612105136
323,2018-06-04,193.28,-0.0036599824733234082,-0.003666696596564596,-1.710000000000008,91.7707,0.011076920364941324,0.011016020591159678,0.005400000000008731,0.0034939552952144197,-1.7134939552952224
324,2018-06-05,192.94,-0.0017591059602649183,-0.0017606550040426621,-1.3400000000000034,91.9579,0.0020398667548573784,0.002037789051680536,-0.81280000000001,-0.2508169023482437,-1.0891830976517598
325,2018-06-06,191.34,-0.008292733492277363,-0.008327309492386208,-2.5999999999999943,93.5053,0.01682726552041761,0.01668725556153886,0.5474000000000103,0.1719570264792178,-2.771957026479212
326,2018-06-07,188.18,-0.016515104003344813,-0.016652998671401607,-4.159999999999997,93.8602,0.003795506778760141,0.003788322017042248,-0.6450999999999993,-0.1986928118730425,-3.961307188126954
327,2018-06-08,189.1,0.004888936124986649,0.004877024085792153,-0.0800000000000125,93.7616,-0.0010504985073546047,-0.0010510506676411663,-1.0986000000000047,-0.33964853656298016,0.25964853656296766
328,2018-06-11,191.54,0.0129032258064516,0.012820688429061469,1.4399999999999977,93.7419,-0.0002101073360522887,-0.00021012941169086673,-1.0197000000000003,-0.3151250378242005,1.7551250378241983
329,2018-06-12,192.4,0.004489923775712716,0.004479874138133001,-0.13999999999998636,93.9489,0.002208190787683988,0.002205756317597579,-0.7930000000000064,-0.24466271635295983,0.10466271635297347
330,2018-06-13,192.41,5.19750519750047e-05,5.1973701318747954e-05,-0.9900000000000091,93.939,-0.0001053764333590047,-0.00010538198584537483,-1.0099000000000018,-0.3120790265740105,-0.6779209734259986
331,2018-06-14,196.81,0.02286783431214597,0.022610284402421077,3.4000000000000057,93.84,-0.0010538753872192544,-0.001054431104357183,-1.0989999999999895,-0.33977286355277914,3.7397728635527847
332,2018-06-15,195.85,-0.004877800924749799,-0.004889736223505658,-1.960000000000008,93.9886,0.0015835464620631056,0.0015822939744381814,-0.8513999999999982,-0.26281445686429633,-1.6971855431357117
333,2018-06-18,198.31,0.01256063313760535,0.012482402785898225,1.460000000000008,93.2855,-0.007480694467201408,-0.0075088151915311385,-1.7031000000000063,-0.5275376999038104,1.9875376999038183
334,2018-06-19,197.49,-0.0041349402450708145,-0.004143512749843387,-1.8199999999999932,93.0677,-0.002334767997169945,-0.0023374978177965132,-1.2177999999999969,-0.376697979524478,-1.4433020204755151
335,2018-06-20,202.0,0.022836599321484585,0.022579747253309624,3.509999999999991,92.9687,-0.001063741770775508,-0.0010643079455977696,-1.0990000000000038,-0.3397728635527835,3.8497728635527744
336,2018-06-21,201.5,-0.0024752475247524753,-0.00247831601446709,-1.5,93.2063,0.002555698853485103,0.0025524386087913075,-0.7623999999999995,-0.23515170163297527,-1.2648482983670246
337,2018-06-22,201.74,0.0011910669975186555,0.0011903582399516379,-0.7599999999999909,92.6815,-0.00563052068368768,-0.005646431818697045,-1.524799999999999,-0.4721189441988124,-0.2878810558011785
338,2018-06-25,196.35,-0.02671755725190847,-0.02708095860267081,-6.390000000000015,90.9685,-0.018482652956630978,-0.01865559140920266,-2.712999999999994,-0.8414322674106783,-5.548567732589336
339,2018-06-26,199.0,0.013496307613954702,0.0134060437004738,1.6500000000000057,90.7507,-0.0023942353671876646,-0.0023971061317905502,-1.217800000000011,-0.3766979795244824,2.026697979524488
340,2018-06-27,195.84,-0.015879396984924608,-0.016006825400531086,-4.159999999999997,90.2259,-0.005782875503990593,-0.00579966107238806,-1.524799999999999,-0.4721189441988124,-3.687881055801184
341,2018-06-28,196.23,0.0019914215686273815,0.0019894413172697693,-0.6100000000000136,90.6516,0.004718157424863661,0.004707061807014074,-0.5742999999999938,-0.17668693467778723,-0.4333130653222264
342,2018-06-29,194.32,-0.009733476023034178,-0.009781155947314017,-2.9099999999999966,90.3744,-0.003057861085739332,-0.003062545895718891,-1.2772000000000077,-0.39516053751032965,-2.514839462489667
343,2018-07-02,197.36,0.01564429806504745,0.015523187527184377,2.0400000000000205,90.7705,0.004382878337228288,0.004373301498518275,-0.6038999999999959,-0.18588713192326112,2.2258871319232814
344,2018-07-03,192.73,-0.023459667612484917,-0.023739226510141268,-5.630000000000024,89.2555,-0.016690444582766435,-0.016831299540371596,-2.5150000000000006,-0.7798904074578529,-4.850109592542171
345,2018-07-05,198.45,0.02967882529964198,0.029246933518114283,4.719999999999999,89.4436,0.0021074331553798445,0.0021052156331011207,-0.8118999999999943,-0.25053716662118053,4.970537166621179
346,2018-07-06,203.23,0.02408667170571933,0.0238011633731413,3.780000000000001,89.2258,-0.0024350540452307027,-0.0024380236110139075,-1.2177999999999969,-0.376697979524478,4.156697979524479
347,2018-07-09,204.74,0.00743000541258682,0.007402538889409197,0.5100000000000193,90.2853,0.011874368176020835,0.011804421040446834,0.059499999999999886,0.020309180666161036,0.4896908193338583
348,2018-07-10,203.54,-0.005861092116831186,-0.005878335727839307,-2.200000000000017,89.8694,-0.004606508479232031,-0.004617151135652076,-1.4159000000000077,-0.4382709212247599,-1.761729078775257
349,2018-07-11,202.54,-0.004913039206052864,-0.004925147859646594,-2.0,90.4833,0.006831023685481387,0.006807797953543981,-0.386099999999999,-0.1181910859751517,-1.8818089140248484
350,2018-07-12,206.92,0.021625357953984375,0.02139484723117545,3.3799999999999955,92.4538,0.021777499273346587,0.021543756996183522,0.9705000000000013,0.30346389994407036,3.0765361000559253
351,2018-07-13,207.32,0.0019331142470520285,0.001931248186191474,-0.5999999999999943,92.1963,-0.0027851748657167948,-0.002789060682028866,-1.2575000000000074,-0.3890374332624977,-0.21096256673749664
352,2018-07-16,207.23,-0.00043411151842563867,-0.00043420577210959236,-1.0900000000000034,92.9687,0.00837777654851664,0.008342877759264764,-0.22759999999999536,-0.06892651626543754,-1.0210734837345659
353,2018-07-17,209.99,0.013318534961154366,0.013230622986630705,1.7600000000000193,93.5232,0.005964372955629201,0.005946656493408533,-0.44549999999999557,-0.13665364396099894,1.8966536439610182
354,2018-07-18,209.36,-0.0030001428639458805,-0.003004652314136369,-1.6299999999999955,94.652,0.012069732430028039,0.011997474054663367,0.12879999999999825,0.0418488316496502,-1.6718488316496456
355,2018-07-19,208.09,-0.006066106228505971,-0.006084579797202285,-2.2700000000000102,94.0678,-0.006172082998774412,-0.006191209042008604,-1.5841999999999956,-0.4905815021846596,-1.7794184978153507
356,2018-07-20,209.94,0.00889038396847515,0.008851097182963343,0.8499999999999943,94.0678,0.0,0.0,-1.0,-0.30900193357636857,1.1590019335763628
357,2018-07-23,210.91,0.004620367724111646,0.004609726589871535,-0.030000000000001137,94.5728,0.005368468275010104,0.005354109416326893,-0.49500000000000455,-0.15203910894920863,0.1220391089492075
358,2018-07-24,214.67,0.017827509364183734,0.017670463068473922,2.759999999999991,94.2955,-0.0029321327062326245,-0.0029364398287664334,-1.2772999999999968,-0.3951916192577772,3.155191619257768
359,2018-07-25,217.5,0.01318302510830583,0.013096885262741725,1.8300000000000125,93.1865,-0.011760900573198178,-0.011830607043962249,-2.109000000000009,-0.6536985128071079,2.4836985128071203
360,2018-07-26,176.26,-0.1896091954022989,-0.21023867285722447,-42.24000000000001,93.137,-0.000531192822994691,-0.0005313339558837403,-1.0494999999999948,-0.3243873985645738,-41.915612601435434
361,2018-07-27,174.89,-0.007772608646317966,-0.007802972810414601,-2.3700000000000045,94.7411,0.017223015557726817,0.017076380693778145,0.6041000000000025,0.18958037728388877,-2.5595803772838934
362,2018-07-30,171.06,-0.021899479672937185,-0.022142832708464132,-4.829999999999984,91.6022,-0.033131344263471786,-0.03369261929337006,-4.138900000000007,-1.284626904313394,-3.54537309568659
363,2018-07-31,172.58,0.00888577107447685,0.008846524927525778,0.5200000000000102,90.5031,-0.011998620120477378,-0.012071184596051587,-2.099099999999993,-0.6506214198094615,1.1706214198094718
364,2018-08-01,171.65,-0.005388805191795148,-0.005403377176460465,-1.9300000000000068,90.4932,-0.00010938851818337489,-0.00010939450154372843,-1.0099000000000018,-0.3120790265740105,-1.6179209734259963
365,2018-08-02,176.37,0.027497815321875903,0.027126541178572185,3.719999999999999,90.8497,0.003939522527659503,0.003931782929009491,-0.6435000000000031,-0.19819550391382884,3.918195503913828
366,2018-08-03,177.78,0.007994556897431516,0.007962769731255636,0.4099999999999966,90.5922,-0.0028343516819537454,-0.00283837606282157,-1.2574999999999932,-0.3890374332624933,0.7990374332624899
367,2018-08-06,185.69,0.04449319383507704,0.043531785798975285,6.909999999999997,91.0378,0.004918745763984083,0.004906688256417301,-0.5544000000000011,-0.1705016669350558,7.080501666935052
368,2018-08-07,183.81,-0.010124400883192393,-0.010176001206831362,-2.8799999999999955,92.434,0.015336486602268433,0.015220071449021932,0.3961999999999932,0.12496142433341685,-3.004961424333412
369,2018-08-08,185.18,0.0074533485664545155,0.007425709614228175,0.37000000000000455,92.0478,-0.00417811627756023,-0.00418686899379292,-1.3862000000000023,-0.4290396422318341,0.7990396422318387
370,2018-08-09,183.09,-0.011286316016848489,-0.011350489795387773,-3.0900000000000034,91.9092,-0.001505739409306868,-0.001506874174141044,-1.1385999999999967,-0.3520812355433469,-2.7379187644566567
371,2018-08-10,180.26,-0.015456879130482345,-0.015577582096249607,-3.8300000000000125,91.216,-0.007542226458287141,-0.007570812875790662,-1.6932000000000045,-0.5244606069061685,-3.305539393093844
372,2018-08-13,180.05,-0.0011649839121268143,-0.001165663033379377,-1.2099999999999795,91.0972,-0.001302403087177613,-0.0013032519512005385,-1.1187999999999931,-0.345927049548063,-0.8640729504519165
373,2018-08-14,181.11,0.005887253540683156,0.005869991381560185,0.060000000000002274,91.6517,0.006086904976223248,0.006068454602720764,-0.44549999999999557,-0.13665364396099894,0.1966536439610012
374,2018-08-15,179.53,-0.008723979901717256,-0.008762256593707055,-2.5800000000000125,91.1962,-0.004969902358603284,-0.004982293395206758,-1.4555000000000007,-0.45057929321532325,-2.129420706784689
375,2018-08-16,174.7,-0.026903581574110245,-0.027272107742726644,-5.8300000000000125,91.7804,0.006405968669747156,0.006385537659635122,-0.4158000000000044,-0.12742236496807752,-5.702577635031935
376,2018-08-17,173.8,-0.005151688609043946,-0.005165004308719055,-1.8999999999999773,92.127,0.003776405419893519,0.003769292702325166,-0.6534000000000049,-0.2012725969114708,-1.6987274030885064
377,2018-08-20,172.5,-0.007479861910241722,-0.007507976359877307,-2.3000000000000114,92.2458,0.0012895242437071363,0.0012886935214006649,-0.8811999999999927,-0.27207681760466973,-2.027923182395342
378,2018-08-21,172.62,0.0006956521739130699,0.00069541032009704,-0.8799999999999955,91.622,-0.0067623675007426115,-0.006785335913646265,-1.6238000000000028,-0.5028898741752273,-0.3771101258247681
379,2018-08-22,173.64,0.005908932916232081,0.005891543639881141,0.01999999999998181,91.9488,0.0035668289275502143,0.0035604828789538878,-0.6731999999999942,-0.20742678290675026,0.22742678290673207
380,2018-08-23,172.9,-0.004261690854641676,-0.004270797742147873,-1.7399999999999807,92.3944,0.004846175262754912,0.004834470356202698,-0.5544000000000011,-0.1705016669350558,-1.5694983330649248
381,2018-08-24,174.645,0.010092539039907486,0.01004194946784432,0.7450000000000045,93.8004,0.015217372481449002,0.015102749644999636,0.4059999999999917,0.12800743558360683,0.6169925644163977
382,2018-08-27,177.46,0.016118411635031048,0.015989889250102668,1.8149999999999977,94.0876,0.0030618206318949446,0.0030571428051159454,-0.7128000000000014,-0.21973515489731804,2.034735154897316
383,2018-08-28,176.26,-0.006762087230925375,-0.006785053735677439,-2.200000000000017,94.1668,0.0008417687346685446,0.0008414146460603389,-0.9207999999999998,-0.28438518959523745,-1.9156148104047797
384,2018-08-29,175.9,-0.0020424373085214187,-0.002044525928001808,-1.3599999999999852,93.9193,-0.0026283148625628997,-0.0026317749461938567,-1.247499999999988,-0.3859292585173994,-0.9740707414825858
385,2018-08-30,177.64,0.009891984081864586,0.009843378680388877,0.7399999999999807,93.5727,-0.003690402292180727,-0.003697228626508157,-1.3466000000000093,-0.4167312702412707,1.1567312702412513
386,2018-08-31,175.73,-0.010752082864219753,-0.010810304217146762,-2.9099999999999966,94.5035,0.009947345753622638,0.009898196576994927,-0.06919999999999504,-0.019693028303175344,-2.890306971696821
387,2018-09-04,171.16,-0.02600580435895973,-0.026349934658138653,-5.569999999999993,95.7907,0.013620659552291699,0.013528732169375276,0.28719999999999857,0.09108231961191239,-5.661082319611905
388,2018-09-05,167.18,-0.02325309651787795,-0.023527715277606005,-4.97999999999999,93.5727,-0.02315464862455336,-0.023426928746370403,-3.2180000000000035,-0.9983950920378427,-3.981604907962147
389,2018-09-06,162.53,-0.02781433185787777,-0.02820847615592551,-5.650000000000006,92.1666,-0.015026818719562384,-0.015140865307172346,-2.406099999999995,-0.7460423844837959,-4.90395761551621
390,2018-09-07,163.04,0.0031378822371253977,0.0031329693593299727,-0.4900000000000091,92.2359,0.0007518992780464762,0.00075161674340045,-0.9307000000000016,-0.2874622825928794,-0.20253771740712967
391,2018-09-10,164.18,0.006992149165848963,0.006967817445705442,0.14000000000001478,92.4835,0.002684421141876488,0.0026808245185728588,-0.7523999999999944,-0.23204352688788138,0.37204352688789616
392,2018-09-11,165.94,0.010719941527591611,0.010662890316019058,0.7599999999999909,92.84,0.003854741656619796,0.0038473311775501493,-0.6435000000000031,-0.19819550391382884,0.9581955039138197
393,2018-09-12,162.0,-0.023743521754851137,-0.024029942003755182,-4.939999999999998,90.6219,-0.0238916415338217,-0.024181675713018498,-3.218100000000007,-0.9984261737852947,-3.941573826214703
394,2018-09-13,161.36,-0.003950617283950533,-0.003958441586427644,-1.6399999999999864,91.3881,0.008454909905883653,0.008419367353986913,-0.23380000000000223,-0.07085358460739691,-1.5691464153925894
395,2018-09-14,162.32,0.005949429846306268,0.005931801871602884,-0.040000000000020464,90.2737,-0.012194147815743945,-0.012269106430461103,-2.114399999999989,-0.6553769271694516,0.6153769271694312
396,2018-09-17,160.58,-0.010719566288812104,-0.010777434761021241,-2.7399999999999807,88.6718,-0.01774492460151739,-0.017904253442147678,-2.6019000000000005,-0.8069004459927049,-1.9330995540072757
397,2018-09-18,160.3,-0.0017436791630340088,-0.0017452011410306386,-1.2800000000000011,89.6369,0.010883956342377085,0.01082515238458563,-0.03490000000000748,-0.009031988927512604,-1.2709680110724886
398,2018-09-19,163.06,0.0172177167810355,0.017071171619257364,1.759999999999991,89.5175,-0.0013320407109125689,-0.0013329286657558861,-1.1193999999999988,-0.34611354003277034,2.1061135400327613
399,2018-09-20,166.02,0.018152827180179125,0.01799003179212491,1.960000000000008,89.3981,-0.0013338174100036176,-0.0013347077362216827,-1.1193999999999988,-0.34611354003277034,2.3061135400327784
400,2018-09-21,162.93,-0.018612215395735474,-0.01878760231202592,-4.090000000000003,90.0946,0.007790993320887137,0.007760800253684548,-0.30349999999999966,-0.09251756258068947,-3.997482437419314
401,2018-09-24,165.41,0.015221260664088809,0.015106579539266212,1.4799999999999898,89.4379,-0.007289005112404081,-0.007315699707294827,-1.6567000000000007,-0.5131157690865804,1.9931157690865702
402,2018-09-25,164.91,-0.003022791850553171,-0.003027369713451131,-1.5,87.2391,-0.02458465594563385,-0.024891904792017864,-3.1988000000000056,-0.9924273965272662,-0.5075726034727338
403,2018-09-26,166.95,0.012370383845733988,0.012294495848984888,1.039999999999992,85.4879,-0.020073567929976322,-0.02027777945166392,-2.751199999999997,-0.853305494936932,1.8933054949369241
404,2018-09-27,168.84,0.011320754716981222,0.011257154524634468,0.8900000000000148,86.0152,0.00616812437783589,0.0061491793622288375,-0.47270000000000323,-0.14510787926765234,1.0351078792676671
405,2018-09-28,164.46,-0.02594171997157069,-0.026284141371548542,-5.3799999999999955,85.3685,-0.007518438601549443,-0.007546844529433528,-1.6466999999999956,-0.5100075943414866,-4.869992405658509
406,2018-10-01,162.44,-0.012282621914143319,-0.012358676724652438,-3.0200000000000102,86.6918,0.01550103375366796,0.015382120012838908,0.32330000000000325,0.10230283044169707,-3.1223028304417073
407,2018-10-02,159.33,-0.019145530657473438,-0.01933117971567952,-4.109999999999985,85.4879,-0.013887126579445857,-0.013984454845634065,-2.2039000000000044,-0.6831950911380325,-3.4268049088619525
408,2018-10-03,162.43,0.01945647398481136,0.01926961662888687,2.0999999999999943,85.3287,-0.00186225185084671,-0.0018639879975879043,-1.1591999999999985,-0.3584840755182376,2.458484075518232
409,2018-10-04,158.85,-0.022040263498122343,-0.022286779015779384,-4.5800000000000125,85.3984,0.0008168412269259632,0.0008165077936933626,-0.9303000000000026,-0.287337955603076,-4.292662044396937
410,2018-10-05,157.33,-0.009568775574441182,-0.009614850463193077,-2.519999999999982,85.0999,-0.003495381646494431,-0.003501504765510876,-1.29849999999999,-0.4017809497173707,-2.1182190502826113
411,2018-10-08,157.25,-0.0005084853492659538,-0.0005086146717820895,-1.0800000000000125,84.5128,-0.006898950527556514,-0.006922858309266669,-1.5871000000000066,-0.49148287286073983,-0.5885171271392726
412,2018-10-09,157.9,0.0041335453100159346,0.004125025681046576,-0.3499999999999943,84.0253,-0.005768356982610885,-0.005785058210481696,-1.4874999999999972,-0.4605254523996175,0.11052545239962319
413,2018-10-10,151.38,-0.041291956934768906,-0.042168689380575136,-7.52000000000001,81.5578,-0.02936615519373333,-0.029805972635174875,-3.467500000000001,-1.0759440519278949,-6.444055948072116
414,2018-10-11,153.35,0.013013608138459499,0.012929658679239188,0.9699999999999989,79.2494,-0.02830385321820851,-0.028712129584771297,-3.308400000000006,-1.0264929917334777,1.9964929917334766
415,2018-10-12,153.74,0.002543201825888587,0.002539973360725525,-0.6099999999999852,79.6176,0.0046460919577940235,0.004635332186938813,-0.6317999999999984,-0.19455893946206942,-0.4154410605379158
416,2018-10-15,153.52,-0.0014309873812930847,-0.0014320122215414658,-1.2199999999999989,79.6076,-0.00012560036976737437,-0.00012560825815435952,-1.009999999999991,-0.312110108321458,-0.9078898916785408
417,2018-10-16,158.78,0.03426263678999473,0.03368874459752282,4.259999999999991,81.518,0.02399770876147498,0.023714289077190573,0.9103999999999957,0.2847837697260639,3.975216230273927
418,2018-10-17,159.42,0.004030734349414198,0.0040226327028096654,-0.36000000000001364,80.2245,-0.0158676611300571,-0.01599490025146324,-2.2934999999999945,-0.7110443368540564,0.3510443368540428
419,2018-10-18,154.92,-0.02822732404968009,-0.0286333743532257,-5.5,79.5579,-0.00830918235701067,-0.008343896041365172,-1.6666000000000025,-0.5161928620842223,-4.983807137915778
420,2018-10-19,154.05,-0.005615801704105191,-0.0056316296038743064,-1.8699999999999761,80.3141,0.009505027156322536,0.009460138606124551,-0.24380000000000734,-0.0739617593524908,-1.7960382406474853
421,2018-10-22,154.78,0.00473872119441733,0.004727528799636165,-0.27000000000001023,80.6026,0.0035921463354504266,0.003585709986735298,-0.7115000000000009,-0.21933109218045588,-0.050668907819554354
422,2018-10-23,154.39,-0.0025197053882931564,-0.002522885188477909,-1.3900000000000148,81.2394,0.007900489562371537,0.007869444103720135,-0.363199999999992,-0.11107336580888813,-1.2789266341911267
423,2018-10-24,146.04,-0.054083813718505055,-0.055601311866399064,-9.349999999999994,81.0802,-0.001959640273069452,-0.001961562880225628,-1.1591999999999985,-0.3584840755182376,-8.991515924481757
424,2018-10-25,150.95,0.03362092577376059,0.03306809936541161,3.9099999999999966,83.1696,0.02576954669574073,0.025443108162242007,1.0893999999999977,0.34042009766321674,3.56957990233678
425,2018-10-26,145.37,-0.03696588274262991,-0.03766643971461418,-6.579999999999984,83.09,-0.0009570804717108081,-0.0009575387656649644,-1.0795999999999992,-0.33374300454730305,-6.246256995452681
426,2018-10-29,142.09,-0.0225631148104836,-0.022821556788249563,-4.280000000000001,83.6572,0.006826332892044767,0.006803138974774575,-0.4328000000000003,-0.13270626203473318,-4.147293737965268
427,2018-10-30,146.22,0.02906608487578292,0.02865167721518586,3.1299999999999955,85.3984,0.02081351037328517,0.02059986860435281,0.7411999999999921,0.232193453039101,2.8978065469608945
428,2018-10-31,151.79,0.03809328409246337,0.037385649773597825,4.569999999999993,86.2739,0.010251948514257907,0.010199753719211384,-0.12449999999999761,-0.036881234643536584,4.60688123464353
429,2018-11-01,151.75,-0.00026352197114429173,-0.00026355669916015574,-1.039999999999992,86.5625,0.003345160007835538,0.003339577406428843,-0.7113999999999976,-0.2193000104330039,-0.8206999895669882
430,2018-11-02,150.35,-0.009225700164744683,-0.00926852050506959,-2.4000000000000057,86.5625,0.0,0.0,-1.0,-0.30900193357636857,-2.090998066423637
431,2018-11-05,148.68,-0.011107416029264966,-0.011169564005486653,-2.6699999999999875,88.3136,0.02022931407942231,0.020027419753385834,0.7510999999999939,0.2352705460367429,-2.9052705460367303
432,2018-11-06,149.94,0.00847457627118638,0.008438868645864604,0.2599999999999909,89.1594,0.009577233857526036,0.009531662884880644,-0.1541999999999888,-0.046112513636457984,0.30611251363644887
433,2018-11-07,151.53,0.010604241696678694,0.010548411073154941,0.5900000000000034,90.3036,0.012833195378165374,0.012751547717977946,0.14419999999999789,0.04663542075709223,0.5433645792429111
434,2018-11-08,147.87,-0.024153632943971468,-0.024450115762674748,-4.659999999999997,90.8807,0.006390664381043519,0.006370330670063837,-0.4228999999999985,-0.1296291690370912,-4.530370830962905
435,2018-11-09,144.96,-0.019679448163927752,-0.01987566709072687,-3.9099999999999966,89.9454,-0.010291514039834618,-0.010344837841050588,-1.935299999999998,-0.5997095174848511,-3.3102904825151453
436,2018-11-12,141.55,-0.023523730684326685,-0.02380483073676055,-4.409999999999997,88.1544,-0.01991207999519721,-0.02011299705099061,-2.791000000000011,-0.8656760304224037,-3.5443239695775928
437,2018-11-13,142.16,0.004309431296361605,0.004300172288487209,-0.3900000000000148,88.2042,0.0005649179167461265,0.0005647584106889059,-0.9501999999999953,-0.29352322334580744,-0.09647677665420734
438,2018-11-14,144.22,0.014490714687675875,0.014386727642217535,1.0600000000000023,85.4581,-0.031133438090249654,-0.031628383581332846,-3.7460999999999984,-1.1625378003261657,2.222537800326168
439,2018-11-15,143.85,-0.00256552489252534,-0.0025688214910566114,-1.3700000000000045,87.637,0.025496705402998646,0.02517708585131863,1.1788999999999987,0.3682382616317932,-1.7382382616317977
440,2018-11-16,139.53,-0.030031282586027067,-0.03049145809344152,-5.319999999999993,88.2937,0.007493410317559943,0.007465474189578888,-0.3432999999999993,-0.10488809806615672,-5.215111901933836
441,2018-11-19,131.55,-0.05719200172006013,-0.058892624417813504,-8.97999999999999,88.5425,0.0028178680925139937,0.0028139053448086094,-0.7511999999999972,-0.23167054591847114,-8.748329454081519
442,2018-11-20,132.43,0.006689471683770394,0.00666719645257124,-0.12000000000000455,86.9903,-0.01753056441821723,-0.017686044545223146,-2.552199999999999,-0.7914528175095957,0.6714528175095912
443,2018-11-21,134.82,0.01804727025598419,0.01788635148641972,1.3899999999999864,86.8212,-0.0019438948940284175,-0.0019457867097661741,-1.1691000000000003,-0.3615611685158795,1.7515611685158659
444,2018-11-23,131.73,-0.02291944815309304,-0.023186182183557013,-4.090000000000003,87.4182,0.006876200743597119,0.0068526674932420225,-0.4030000000000058,-0.1234439012943598,-3.9665560987056434
445,2018-11-26,136.38,0.03529947620132093,0.03469073385077119,3.6500000000000057,88.9803,0.0178692766494849,0.017711497947139623,0.5621000000000009,0.17652604335450056,3.4734739566455053
446,2018-11-27,135.0,-0.010118785745710481,-0.010170328654077332,-2.3799999999999955,89.0101,0.000334905591462318,0.0003348495231027791,-0.9702000000000055,-0.2997395728359952,-2.080260427164
447,2018-11-28,136.76,0.01303703703703697,0.012952786332671011,0.7599999999999909,89.4777,0.005253336419125521,0.005239585784143495,-0.5323999999999955,-0.163663682495851,0.923663682495842
448,2018-11-29,138.68,0.014039192746417198,0.013941556045722248,0.9200000000000159,89.9354,0.005115241004183195,0.0051022026030587975,-0.5422999999999973,-0.16674077549349298,1.0867407754935088
449,2018-11-30,140.61,0.013916931064320787,0.013820979785901816,0.9300000000000068,90.8608,0.010289607874096253,0.010237030220378748,-0.07460000000000377,-0.0213714426655279,0.9513714426655348
450,2018-12-03,141.09,0.0034136974610624402,0.0034078840223416918,-0.5200000000000102,92.1841,0.014564036416144292,0.01445899945100983,0.32330000000000325,0.10230283044169707,-0.6223028304417073
451,2018-12-04,137.93,-0.022397051527393838,-0.022651674537637733,-4.159999999999997,89.9454,-0.024285099057212624,-0.024584844931157264,-3.2386999999999944,-1.0048290137601807,-3.155170986239816
452,2018-12-06,139.63,0.012325092438193203,0.0122497568666748,0.6999999999999886,89.4379,-0.005642311891436442,-0.005658289863321903,-1.5075000000000074,-0.4667418018898053,1.166741801889794
453,2018-12-07,137.42,-0.015827544224020683,-0.01595413735117348,-3.210000000000008,86.9207,-0.02814466797632774,-0.02854832096537261,-3.5172000000000025,-1.091391680411004,-2.118608319589004
454,2018-12-10,141.85,0.03223693785475191,0.0317282316519306,3.430000000000007,86.662,-0.0029762760769297806,-0.0029807139944053444,-1.2586999999999904,-0.3894104142319035,3.8194104142319105
455,2018-12-11,142.08,0.0016214310891788381,0.0016201179889997616,-0.7699999999999818,86.8709,0.0024105144123145075,0.002407613782852823,-0.7911000000000001,-0.24407216315139035,-0.5259278368485915
456,2018-12-12,144.5,0.017032657657657567,0.016889228308626863,1.4199999999999875,87.05,0.0020616800332446325,0.002059557687529524,-0.8209000000000088,-0.25333452389176814,1.6733345238917556
457,2018-12-13,145.01,0.0035294117647058196,0.003523198007316878,-0.4900000000000091,87.02,-0.0003446295232625059,-0.00034468892166403557,-1.0300000000000011,-0.3183264578116458,-0.17167354218836328
458,2018-12-14,144.06,-0.006551272326046401,-0.00657282609858685,-1.9499999999999886,86.54,-0.005515973339462075,-0.005531242495795204,-1.4799999999999898,-0.458194321340796,-1.4918056786591927
459,2018-12-17,140.19,-0.026863806747188704,-0.02723123408077238,-4.8700000000000045,85.25,-0.01490640166397049,-0.015018618633112645,-2.2900000000000063,-0.7099564756932778,-4.160043524306727
460,2018-12-18,143.66,0.02475212211998002,0.02445075126621104,2.469999999999999,83.74,-0.01771260997067455,-0.017871355572629,-2.510000000000005,-0.7783363200853081,3.248336320085307
461,2018-12-19,133.24,-0.07253236809132665,-0.07529738332117658,-11.419999999999987,83.01,-0.008717458801050751,-0.00875567812405296,-1.7299999999999898,-0.5358986899681036,-10.884101310031884
462,2018-12-20,133.4,0.0012008405884118627,0.0012001201560444073,-0.8400000000000034,81.01,-0.02409348271292615,-0.024388478624544307,-3.0,-0.9306368825948294,0.09063688259482594
463,2018-12-21,124.95,-0.0633433283358321,-0.06543847620056199,-9.450000000000003,79.51,-0.018516232563881,-0.018689803929007792,-2.5,-0.7752281453402142,-8.674771854659788
464,2018-12-24,124.06,-0.007122849139655866,-0.0071483377359899385,-1.8900000000000006,76.75,-0.034712614765438375,-0.03532941344608567,-3.760000000000005,-1.166858163221846,-0.7231418367781546
465,2018-12-26,134.18,0.0815734322102209,0.0784168625897705,9.120000000000005,79.27,0.03283387622149832,0.03230636038175795,1.519999999999996,0.47425810218689085,8.645741897813114
466,2018-12-27,134.52,0.002533909673572838,0.002530704737326859,-0.6599999999999966,80.69,0.017913460325469935,0.017754905011350818,0.4200000000000017,0.13235888022673914,-0.7923588802267357
467,2018-12-28,133.2,-0.009812667261373934,-0.009861128765780295,-2.3200000000000216,80.53,-0.001982897508984962,-0.00198486605296161,-1.1599999999999966,-0.3587327294978444,-1.9612672705021772
468,2018-12-31,131.09,-0.015840840840840732,-0.015967647896570757,-3.109999999999985,81.57,0.012914441822923036,0.01283176150503538,0.03999999999999204,0.014248239913228605,-3.124248239913214
469,2019-01-02,135.68,0.03501411244183388,0.03441506183387517,3.5900000000000034,81.0,-0.0069878631849944,-0.007012392640050235,-1.5699999999999932,-0.4861678940466278,4.076167894046631
470,2019-01-03,131.74,-0.029038915094339604,-0.029468888831046085,-4.939999999999998,78.82,-0.026913580246913666,-0.027282382905581264,-3.180000000000007,-0.986584028006493,-3.953415971993505
471,2019-01-04,137.95,0.04713830271747366,0.04606101745074806,5.2099999999999795,81.95,0.03971073331641728,0.038942533422981186,2.1300000000000097,0.6638567616375256,4.546143238362454
472,2019-01-07,138.05,0.0007249003262053117,0.0007246377128685125,-0.8999999999999773,79.81,-0.026113483831604643,-0.026460495301921152,-3.1400000000000006,-0.9741513290261219,0.07415132902614463
473,2019-01-08,142.53,0.03245201014125309,0.03193656549077614,3.4799999999999898,79.58,-0.002881844380403508,-0.0028860048891349867,-1.230000000000004,-0.3804899527134928,3.8604899527134826
474,2019-01-09,144.23,0.011927313548024898,0.011856743728479122,0.6999999999999886,79.97,0.004900728826338283,0.004888759345015983,-0.6099999999999994,-0.18778311851776852,0.8877831185177572
475,2019-01-10,144.2,-0.0002080011093392577,-0.0002080227445701696,-1.0300000000000011,80.55,0.0072527197699136965,0.007226545279184833,-0.4200000000000017,-0.12872779836101544,-0.9012722016389857
476,2019-01-11,143.8,-0.002773925104022034,-0.002777779563902275,-1.3999999999999773,80.7,0.0018621973929237206,0.0018604656529198924,-0.8499999999999943,-0.26237931239998225,-1.137620687599995
477,2019-01-14,145.39,0.011057023643949756,0.01099634165638778,0.589999999999975,80.53,-0.002106567534076849,-0.002108789468449653,-1.1700000000000017,-0.36184090424293824,0.9518409042429132
478,2019-01-15,148.95,0.024485865602861288,0.024190892215957036,2.5600000000000023,81.04,0.006333043586241216,0.006313074132974462,-0.4899999999999949,-0.15048502157665944,2.7104850215766616
479,2019-01-16,147.54,-0.009466263846928478,-0.009511353703135094,-2.4099999999999966,82.96,0.02369200394866717,0.023415703980843843,0.9199999999999875,0.28776761748134994,-2.6977676174813467
480,2019-01-17,148.3,0.005151145452080923,0.005137923687730373,-0.23999999999998067,82.44,-0.006268081002892913,-0.006287807899013535,-1.519999999999996,-0.47062702032116716,0.23062702032118648
481,2019-01-18,150.04,0.011732973701955364,0.011664676069800041,0.7399999999999807,83.14,0.008491023774866603,0.008455177802233078,-0.29999999999999716,-0.09142970141990638,0.831429701419887
482,2019-01-22,147.57,-0.01646227672620634,-0.016599285738328477,-3.469999999999999,83.4,0.003127255232138623,0.0031223755402097664,-0.7399999999999949,-0.22818939020396706,-3.241810609796032
483,2019-01-23,144.3,-0.022158975401504247,-0.022408173695532815,-4.269999999999982,84.73,0.01594724220623499,0.01582142084567164,0.3299999999999983,0.10438530752090737,-4.374385307520889
484,2019-01-24,145.83,0.01060291060291061,0.010547093945648655,0.5300000000000011,84.99,0.0030685707541601662,0.0030638723001621035,-0.7400000000000091,-0.2281893902039715,0.7581893902039727
485,2019-01-25,149.01,0.0218062127134333,0.021571858061894874,2.1799999999999784,85.69,0.008236263089775302,0.008202530170492507,-0.29999999999999716,-0.09142970141990638,2.2714297014198848
486,2019-01-28,147.47,-0.01033487685390237,-0.010388652524519273,-2.539999999999992,86.07,0.004434589800443406,0.004424785980355636,-0.6200000000000045,-0.19089129326286242,-2.3491087067371295
487,2019-01-29,144.19,-0.02224181189394454,-0.02249289094429395,-4.280000000000001,85.81,-0.003020797025676669,-0.00302536884235347,-1.259999999999991,-0.38981447694876564,-3.8901855230512354
488,2019-01-30,150.42,0.04320687981135994,0.042299507079701294,5.22999999999999,86.69,0.010255215009905552,0.010202987061519413,-0.12000000000000455,-0.0354825560082472,5.265482556008237
489,2019-01-31,166.69,0.10816380800425483,0.10270441855673969,15.27000000000001,88.04,0.015572730418733517,0.01545271977771189,0.3500000000000085,0.11060165701109516,15.159398342988915
490,2019-02-01,165.71,-0.005879176915231806,-0.005896527313294083,-1.9799999999999898,87.38,-0.007496592457973771,-0.0075248331349711895,-1.6600000000000108,-0.514141466752464,-1.4658585332475258
491,2019-02-04,169.25,0.021362621447106343,0.021137639150681873,2.539999999999992,86.96,-0.004806591897459392,-0.0048181807103358,-1.4200000000000017,-0.43954527287024586,2.979545272870238
492,2019-02-05,171.16,0.011285081240768075,0.01122187975623172,0.9099999999999966,86.81,-0.0017249310027597916,-0.0017264204092373378,-1.1499999999999915,-0.3556245547527505,1.2656245547527472
493,2019-02-06,170.49,-0.003914465996728135,-0.003922147571476243,-1.6699999999999875,86.93,0.0013823292247437454,0.0013813746872563466,-0.8799999999999955,-0.2717038366352595,-1.398296163364728
494,2019-02-07,166.38,-0.02410698574696471,-0.024402315121398198,-5.110000000000014,86.82,-0.0012653859427126841,-0.0012661872195255817,-1.1100000000000136,-0.34319185577238814,-4.7668081442276256
495,2019-02-08,167.33,0.00570982089193423,0.005693581650740593,-0.04999999999998295,87.06,0.002764340013821805,0.0027605262527040384,-0.7599999999999909,-0.2344057396941504,0.18440573969416746
496,2019-02-11,165.79,-0.009203370585071537,-0.00924598325510855,-2.5400000000000205,86.7,-0.004135079255685728,-0.004143652337655258,-1.3599999999999994,-0.4208962243996913,-2.1191037756003293
497,2019-02-12,165.04,-0.0045237951625550395,-0.004534058488377503,-1.75,87.57,0.010034602076124456,0.009984589747636732,-0.13000000000000966,-0.038590730753341095,-1.711409269246659
498,2019-02-13,164.07,-0.005877363063499751,-0.005894702736205302,-1.9699999999999989,87.99,0.004796163069544384,0.004784698123336253,-0.5799999999999983,-0.17845859428249128,-1.7915414057175076
499,2019-02-14,163.95,-0.0007313951362223718,-0.0007316627361337846,-1.1200000000000045,87.16,-0.00943289010114784,-0.00947766158105016,-1.8299999999999983,-0.5669804374190293,-0.5530195625809753
500,2019-02-15,162.5,-0.008844159804818473,-0.008883501520864992,-2.4499999999999886,87.76,0.006883891693437455,0.006860305890555828,-0.3999999999999915,-0.12251144887082765,-2.3274885511291608
501,2019-02-19,162.29,-0.0012923076923077412,-0.0012931434420016034,-1.210000000000008,87.82,0.0006836827711940299,0.000683449166596431,-0.9400000000000119,-0.29035288510581847,-0.9196471148941895
502,2019-02-20,162.56,0.0016636884589316054,0.001662306062326556,-0.7299999999999898,88.08,0.0029606012297882615,0.0029562272808531845,-0.7399999999999949,-0.22818939020396706,-0.5018106097960227
503,2019-02-21,160.04,-0.01550196850393707,-0.01562338040108282,-3.5200000000000102,88.07,-0.00011353315168034873,-0.0001135395970565019,-1.0100000000000051,-0.31211010832146246,-3.2078898916785477
